filepath,xmin,xmax,ymin,ymax
./train/images\0206_black_army_vejle_jpg.rf.10226854798f5396c974156bdf9fa286.jpg,257,346,345,368
./train/images\0206_black_army_vejle_jpg.rf.ebf0d4089ebf0475361999984a2b48c5.jpg,263,354,340,379
./train/images\0206_black_army_vejle_jpg.rf.f211721dec6615e64f61f4dee11f670f.jpg,255,344,341,370
./train/images\075fad3f-026a-45a1-9986-15f55a81d772_jpeg.rf.5b95ff6dc9006eae1e528b60694c46a8.jpg,536,588,366,403
./train/images\075fad3f-026a-45a1-9986-15f55a81d772_jpeg.rf.7f62eb062d6fd0ef08aa2fad0bb6688d.jpg,533,585,375,411
./train/images\075fad3f-026a-45a1-9986-15f55a81d772_jpeg.rf.9102d430ec11bf15eebcce9ce504d72a.jpg,527,577,397,430
./train/images\08703122-70ad-450c-bc35-1009626caeb6_jpeg.rf.0a546bd73781b3ec2eb977a6bf5fe9a4.jpg,142,203,390,446
./train/images\08703122-70ad-450c-bc35-1009626caeb6_jpeg.rf.47c920c1e680ef88f6eaaa8f6bb8df4c.jpg,144,205,393,448
./train/images\08703122-70ad-450c-bc35-1009626caeb6_jpeg.rf.bf119d278ee504ff156a9719e98e03ab.jpg,159,224,420,465
./train/images\0ddb6109-da8d-4fe6-9c54-5923ee0ed552_jpeg.rf.4c1f871959b267a496b7a512b248901f.jpg,243,421,360,408
./train/images\0ddb6109-da8d-4fe6-9c54-5923ee0ed552_jpeg.rf.510eea8e618b46201c5d3919f97570bd.jpg,254,435,341,421
./train/images\0ddb6109-da8d-4fe6-9c54-5923ee0ed552_jpeg.rf.758528ce5f3fd63cc2f070c87e449812.jpg,245,422,359,409
./train/images\10d435fb-cc5e-452a-98dc-d181717f3895_jpeg.rf.647dbd2eb23b6914207d70a82d300ab6.jpg,104,174,405,448
./train/images\10d435fb-cc5e-452a-98dc-d181717f3895_jpeg.rf.b643b65a9cb0e8eab0f718c99033748e.jpg,90,155,362,418
./train/images\10d435fb-cc5e-452a-98dc-d181717f3895_jpeg.rf.f940a0bcfd23368a98a8513d085f7cfd.jpg,107,179,412,453
./train/images\10f5e29e-3424-4b7f-81b5-4d915227fe18_jpeg.rf.a69c0e9ae100d3845e351f014b5af910.jpg,501,559,323,378
./train/images\10f5e29e-3424-4b7f-81b5-4d915227fe18_jpeg.rf.acf6725ddb483bbd17eab0ddf735ca71.jpg,502,561,310,368
./train/images\10f5e29e-3424-4b7f-81b5-4d915227fe18_jpeg.rf.caa3ad6307fe111e9f21b261dc006053.jpg,491,557,356,402
./train/images\115799e8-6717-455f-9379-9d89ad8ec4a4_jpeg.rf.6d5f0d4bd033151b285caa31255d7766.jpg,494,549,349,390
./train/images\115799e8-6717-455f-9379-9d89ad8ec4a4_jpeg.rf.f50ca2097ce64a4ceb5f86d711281449.jpg,491,546,360,399
./train/images\115799e8-6717-455f-9379-9d89ad8ec4a4_jpeg.rf.f94de3cfe46f5a336abed515e8457221.jpg,488,543,368,405
./train/images\13dfabbb-2ef3-4e30-b080-c4464bc4468d_jpeg.rf.aa19beb718cbd636c9b0bbd878a00eca.jpg,431,531,369,402
./train/images\13dfabbb-2ef3-4e30-b080-c4464bc4468d_jpeg.rf.ec4bb98271d5c51490f33742a65f6e45.jpg,448,536,317,372
./train/images\13dfabbb-2ef3-4e30-b080-c4464bc4468d_jpeg.rf.f60cc6de9078415b1a12dbd102530145.jpg,433,531,366,400
./train/images\14df7a4b-ca3a-4b8b-97d0-84732a17c727_jpeg.rf.113a923c77ebb4dc5ff320465ee882f9.jpg,548,591,369,408
./train/images\14df7a4b-ca3a-4b8b-97d0-84732a17c727_jpeg.rf.7ee084a1e91e173edce372cabd4f1d28.jpg,556,599,312,358
./train/images\14df7a4b-ca3a-4b8b-97d0-84732a17c727_jpeg.rf.d3fd6125e0d8062b075d31783b76e685.jpg,541,584,391,429
./train/images\163561af-1364-46e2-a444-e2a60ee9d4c0_jpeg.rf.2ef0a5f8cdb936c98fa87304a2fab836.jpg,247,392,307,343
./train/images\163561af-1364-46e2-a444-e2a60ee9d4c0_jpeg.rf.ab216c9f02f52b6ede7eee127629b360.jpg,245,393,297,353
./train/images\163561af-1364-46e2-a444-e2a60ee9d4c0_jpeg.rf.cddb628a02a75d45a99c531697661e46.jpg,245,393,295,355
./train/images\1970_rolls_royce_2_a_jpg.rf.74d17b330d8d747c18ea363064e6654a.jpg,208,413,472,521
./train/images\1970_rolls_royce_2_a_jpg.rf.7b1f07098b580fcd3c419fbda1e80736.jpg,216,421,477,518
./train/images\1970_rolls_royce_2_a_jpg.rf.ffc396e95a7919d4456592ef2b1d19b4.jpg,242,447,459,531
./train/images\197c8e16-5d95-4d62-8180-75afa6a7f993_jpeg.rf.10372935ff10ae818653140123447d64.jpg,251,388,343,377
./train/images\197c8e16-5d95-4d62-8180-75afa6a7f993_jpeg.rf.c55afc82fb4450e9c0c9f602516670a9.jpg,244,384,333,386
./train/images\197c8e16-5d95-4d62-8180-75afa6a7f993_jpeg.rf.d71c12836a5d768d9569f384e99f792c.jpg,248,387,339,380
./train/images\2826d4c0-980d-42de-8ae2-9a62221c165f_jpeg.rf.21c3477d9546c575c971425012a4395a.jpg,417,494,300,343
./train/images\2826d4c0-980d-42de-8ae2-9a62221c165f_jpeg.rf.3268ccb565e0c5e167d45232f21b6900.jpg,417,493,302,345
./train/images\2826d4c0-980d-42de-8ae2-9a62221c165f_jpeg.rf.88ab0fc06f705daec667ff6208960a9b.jpg,417,494,294,339
./train/images\2976186-autouncle-audi_a5_2010-4_jpg.rf.10cbde01904fef71c203ce6f5188ebf3.jpg,133,197,289,318
./train/images\2976186-autouncle-audi_a5_2010-4_jpg.rf.1723773d07298cc0cf9c3f3819d7d359.jpg,139,205,258,281
./train/images\2976186-autouncle-audi_a5_2010-4_jpg.rf.c38e6630f04ea24910de983f28f8ae17.jpg,135,198,280,306
./train/images\308db959-108d-4ecd-b321-183c641097b1_jpeg.rf.29548476cb865918d66dd0eb8261d049.jpg,56,129,354,402
./train/images\308db959-108d-4ecd-b321-183c641097b1_jpeg.rf.579264ec1cd68c07c66150556d4aa6c2.jpg,71,141,399,435
./train/images\308db959-108d-4ecd-b321-183c641097b1_jpeg.rf.5d3cbfe2fb1fe51171d82771b2ddf17d.jpg,51,126,332,385
./train/images\3244431-bilbasen-skoda_octavia_hatchback-3_jpg.rf.42ba98728d7b6acca5670db59383b988.jpg,210,366,423,490
./train/images\3244431-bilbasen-skoda_octavia_hatchback-3_jpg.rf.9f984f16f8c7c9c5d1706861250d84d6.jpg,270,425,425,489
./train/images\3244431-bilbasen-skoda_octavia_hatchback-3_jpg.rf.f95ff54ba22717692f5960a18559645f.jpg,242,396,443,478
./train/images\3251149-bilbasen-vw_touran_mpv-6_jpg.rf.8d9d8742a9e1bb8417c185ab9381fc19.jpg,229,325,374,419
./train/images\3251149-bilbasen-vw_touran_mpv-6_jpg.rf.daa5401d953c30759d20297c35e3619e.jpg,236,333,383,418
./train/images\3251149-bilbasen-vw_touran_mpv-6_jpg.rf.dba10c924dd7358717ee86c84e8d7c2f.jpg,239,337,386,418
./train/images\32853059-12fe-4c84-b3ad-f6a9728d2c65_jpeg.rf.4e895a80855e70ae07763600f960727a.jpg,275,421,362,421
./train/images\32853059-12fe-4c84-b3ad-f6a9728d2c65_jpeg.rf.591f8ef9098496e4618198b423c1c5c6.jpg,261,405,377,414
./train/images\32853059-12fe-4c84-b3ad-f6a9728d2c65_jpeg.rf.62ab9d16dbcff2981660d382b26d237c.jpg,267,411,374,416
./train/images\3328604-bilbasen-skoda_octavia_stationcar-1_jpg.rf.45ffbb8a2252eb4411aa8936b3396a8c.jpg,75,175,390,454
./train/images\3328604-bilbasen-skoda_octavia_stationcar-1_jpg.rf.ac7a6b11271f34d380155abb4b7e31a9.jpg,75,175,390,454
./train/images\3328604-bilbasen-skoda_octavia_stationcar-1_jpg.rf.c1a1394d172530a71551a90dc9cd0a22.jpg,86,192,419,470
./train/images\335ecfe4-96b9-4c3b-9974-8d6d320079a5_jpeg.rf.13877546feb0810a339d10abb6655db6.jpg,104,167,417,466
./train/images\335ecfe4-96b9-4c3b-9974-8d6d320079a5_jpeg.rf.581c34801d06c54284b1ca01f1821a62.jpg,104,167,417,466
./train/images\335ecfe4-96b9-4c3b-9974-8d6d320079a5_jpeg.rf.6d457111cafd1a7892a94868e86fd567.jpg,115,183,439,481
./train/images\3499324-bilbasen-skoda_octavia_hatchback-1_jpg.rf.5d756b081d9b433679d1fdf5b43408a5.jpg,290,449,435,471
./train/images\3499324-bilbasen-skoda_octavia_hatchback-1_jpg.rf.6d1889ef3263b0a2e0bef98d6d2182fb.jpg,294,453,433,470
./train/images\3499324-bilbasen-skoda_octavia_hatchback-1_jpg.rf.ccdfcb69c25f03c40f2a5a3fa2bcab01.jpg,283,443,434,478
./train/images\3499324-bilbasen-skoda_octavia_hatchback-2_jpg.rf.5be7faf7ec8c5e1ddfe648e35d3443c9.jpg,118,213,439,472
./train/images\3499324-bilbasen-skoda_octavia_hatchback-2_jpg.rf.b29468ca2795a212925fa69b25c44d8e.jpg,97,184,394,446
./train/images\3499324-bilbasen-skoda_octavia_hatchback-2_jpg.rf.bb532f3c3130168ba0eeb922b58d4a3a.jpg,108,200,421,462
./train/images\3499324-bilbasen-skoda_octavia_hatchback-3_jpg.rf.1026a06fffb76769561b0fee2aab108d.jpg,469,561,356,427
./train/images\3499324-bilbasen-skoda_octavia_hatchback-3_jpg.rf.689a997d2b1d29972564501e0b8bd8bc.jpg,440,545,413,460
./train/images\3499324-bilbasen-skoda_octavia_hatchback-3_jpg.rf.fa14e5ad83f9825ea8885d3e93ebfdd5.jpg,456,555,385,445
./train/images\3511825-bilbasen-vw_golf_vi_hatchback-10_jpg.rf.443e9de3b820ab80979dfc3c0e9f27ee.jpg,253,445,414,462
./train/images\3511825-bilbasen-vw_golf_vi_hatchback-10_jpg.rf.a4f613a4952d69f7c57164d8394c819f.jpg,248,442,412,466
./train/images\3511825-bilbasen-vw_golf_vi_hatchback-10_jpg.rf.bc7f8f05efd736cc477b527e10198a99.jpg,274,467,394,468
./train/images\3531047-bilbasen-toyota_aygo_hatchback-8_jpg.rf.0b0256b9a147467f11ca2875c9d2b974.jpg,273,388,393,431
./train/images\3531047-bilbasen-toyota_aygo_hatchback-8_jpg.rf.9b4c12f4d75857db9a7fb28c831731aa.jpg,287,399,395,424
./train/images\3531047-bilbasen-toyota_aygo_hatchback-8_jpg.rf.eb8b0454eb34e1daba8f4f0e1857bfa1.jpg,285,398,396,423
./train/images\3532895-bilbasen-audi_a3_hatchback-1_jpg.rf.292840aea843558eb4c04aed66f727db.jpg,87,150,349,376
./train/images\3532895-bilbasen-audi_a3_hatchback-1_jpg.rf.aa8e10d4e7286af4784197adc3a22cdc.jpg,83,147,321,355
./train/images\3532895-bilbasen-audi_a3_hatchback-1_jpg.rf.d9db8635d96ff7d643620ef3a83013b2.jpg,89,152,361,385
./train/images\3532895-bilbasen-audi_a3_hatchback-2_jpg.rf.438064cc545347af55e41dd919ca0d76.jpg,256,359,309,354
./train/images\3532895-bilbasen-audi_a3_hatchback-2_jpg.rf.55f47e388424ad799ca06fd78a35e818.jpg,256,359,309,354
./train/images\3532895-bilbasen-audi_a3_hatchback-2_jpg.rf.ebcd6dc52c6fe65492867e10baa6b24d.jpg,260,361,322,346
./train/images\3532895-bilbasen-audi_a3_hatchback-3_jpg.rf.398e805ea49ed05dd0ab3eb51045bc51.jpg,414,466,296,319
./train/images\3532895-bilbasen-audi_a3_hatchback-3_jpg.rf.c12b5525602f3f06b613349965b02805.jpg,411,465,286,304
./train/images\3532895-bilbasen-audi_a3_hatchback-3_jpg.rf.d30a4cf4c93f25c7652adbd4b0c78776.jpg,413,466,294,316
./train/images\3532895-bilbasen-audi_a3_hatchback-4_jpg.rf.b898f7beba8df4479df1e14c108185dc.jpg,273,369,313,339
./train/images\3532895-bilbasen-audi_a3_hatchback-4_jpg.rf.d5c7324771108686e3ac3690c5560dd4.jpg,271,368,302,350
./train/images\3532895-bilbasen-audi_a3_hatchback-4_jpg.rf.da7d94c4eb5bfa588a233efcc09f71f8.jpg,271,368,302,350
./train/images\3544813-bilbasen-nissan_qashqai_2016-2_jpg.rf.4b7110e012e7e272fb7582189fb21af6.jpg,410,485,305,333
./train/images\3544813-bilbasen-nissan_qashqai_2016-2_jpg.rf.7a5e108d376b5907f5165fe179e8a56a.jpg,410,485,297,328
./train/images\3544813-bilbasen-nissan_qashqai_2016-2_jpg.rf.8191e8cd32e979d93005f5ab276e3a99.jpg,410,485,297,328
./train/images\3555400-bilbasen-toyota_aygo_hatchback-1_jpg.rf.1ddec4e9f44487904368bafbcad1d426.jpg,417,481,332,363
./train/images\3555400-bilbasen-toyota_aygo_hatchback-1_jpg.rf.99aee2502ad0177817213cde04bf0ddc.jpg,405,474,366,385
./train/images\3555400-bilbasen-toyota_aygo_hatchback-1_jpg.rf.dd09d548d3a025593913001279d0f673.jpg,418,481,321,356
./train/images\3572232-bilbasen-suzuki_swift_2008-1_jpg.rf.3b5fc49cff56b71df0b295d01c903989.jpg,438,528,421,448
./train/images\3572232-bilbasen-suzuki_swift_2008-1_jpg.rf.632d0e0cabb98ed2426c3bcc4cb7a7e8.jpg,464,548,368,415
./train/images\3572232-bilbasen-suzuki_swift_2008-1_jpg.rf.6bf989bdb8731c92c4dc16cc7d0169ac.jpg,471,555,340,397
./train/images\3572232-bilbasen-suzuki_swift_2008-2_jpg.rf.595728e53ddae9283a440dd0ec9661a8.jpg,153,231,356,396
./train/images\3572232-bilbasen-suzuki_swift_2008-2_jpg.rf.8c5b6983f819df3e1e1dddfe4ae43f53.jpg,146,222,327,379
./train/images\3572232-bilbasen-suzuki_swift_2008-2_jpg.rf.97f07f2e4dd5fe0e9e0995db5c271252.jpg,150,226,345,389
./train/images\3572232-bilbasen-suzuki_swift_2008-4_jpg.rf.05fe9a01a5c8afcc2b54ae5934c43205.jpg,424,510,365,417
./train/images\3572232-bilbasen-suzuki_swift_2008-4_jpg.rf.82b9b78f2218980760657e7e4b7af427.jpg,422,509,368,419
./train/images\3572232-bilbasen-suzuki_swift_2008-4_jpg.rf.90e12144a99c10116beff823d5cdb7b3.jpg,412,503,388,429
./train/images\35fe046a-c6c2-4a2b-a5d9-44f5c4c7150b_jpeg.rf.5c35342549edfae7737d127db8d145e4.jpg,287,401,393,444
./train/images\35fe046a-c6c2-4a2b-a5d9-44f5c4c7150b_jpeg.rf.7e14ae71dcc965bf5a0e28f4a80bc07c.jpg,268,379,407,435
./train/images\35fe046a-c6c2-4a2b-a5d9-44f5c4c7150b_jpeg.rf.a98959818f067989ec01ccc69e19ab6c.jpg,264,375,407,436
./train/images\3611010-bilbasen-vw_touran_mpv-1_jpg.rf.23958534440338dfa971329387a39350.jpg,276,380,461,499
./train/images\3611010-bilbasen-vw_touran_mpv-1_jpg.rf.690b064848db4499f52893bee932f121.jpg,302,403,464,490
./train/images\3611010-bilbasen-vw_touran_mpv-1_jpg.rf.8ea5280d2e476a9e7033d5cc1755b44a.jpg,333,435,444,489
./train/images\3624006-bilbasen-toyota_yaris_hatchback-1_jpg.rf.0b09955089da07771ef3353195dddadd.jpg,68,125,367,421
./train/images\3624006-bilbasen-toyota_yaris_hatchback-1_jpg.rf.bab74dab7ed6d2a847f028b5579365e4.jpg,68,125,367,421
./train/images\3624006-bilbasen-toyota_yaris_hatchback-1_jpg.rf.d6ea7d1e154a2a72f3b351090fd37bfe.jpg,68,125,367,421
./train/images\3645410-bilbasen-toyota_avensis_sedan-1_jpg.rf.6a8dcffdf56877e8da7ad7c21470b4f1.jpg,37,101,370,420
./train/images\3645410-bilbasen-toyota_avensis_sedan-1_jpg.rf.9ff7d8658a9197f9e02cf2c73a7dd5c3.jpg,28,91,315,377
./train/images\3645410-bilbasen-toyota_avensis_sedan-1_jpg.rf.ada52ad94aafd13eb39bb5232f5a8395.jpg,41,107,390,435
./train/images\3647818-bilbasen-vw_polo_hatchback-1_jpg.rf.10e0e189c0f99a20988c5020bf75849c.jpg,61,127,386,435
./train/images\3647818-bilbasen-vw_polo_hatchback-1_jpg.rf.1d579c332435fed1a3ab575b8cbbfaf6.jpg,55,116,358,414
./train/images\3647818-bilbasen-vw_polo_hatchback-1_jpg.rf.4cd9869d7c44123c3eeeadf958c2547f.jpg,49,106,312,377
./train/images\3647818-bilbasen-vw_polo_hatchback-2_jpg.rf.3a956550c832f4cf5ad30e502229868c.jpg,238,388,415,453
./train/images\3647818-bilbasen-vw_polo_hatchback-2_jpg.rf.793c868eb95a1dfbed19ff4b7087395b.jpg,241,392,418,451
./train/images\3647818-bilbasen-vw_polo_hatchback-2_jpg.rf.bcf378d29774b249f08f899f158552ba.jpg,230,381,409,458
./train/images\3650835-bilbasen-skoda_octavia_hatchback-1_jpg.rf.28580ae9395cb13c218874df6eff66aa.jpg,85,174,459,495
./train/images\3650835-bilbasen-skoda_octavia_hatchback-1_jpg.rf.6da10b464192e4cc1da8af7ec4e3f1dd.jpg,82,171,454,492
./train/images\3650835-bilbasen-skoda_octavia_hatchback-1_jpg.rf.df90aabecdd9b4750ed3c5f44d7d13e5.jpg,60,138,402,458
./train/images\3665177-bilbasen-toyota_avensis_sedan-1_jpg.rf.53bb67a09e0ee754373a145804d6742a.jpg,119,177,400,427
./train/images\3665177-bilbasen-toyota_avensis_sedan-1_jpg.rf.7776e14e8c2b27c999bd35e80a312531.jpg,120,179,404,430
./train/images\3665177-bilbasen-toyota_avensis_sedan-1_jpg.rf.9912f75476c970b426e54868e2fbb8ca.jpg,116,174,393,422
./train/images\3665248-bilbasen-suzuki_swift_2007-2_jpg.rf.30cf5e43414320827415c875c07e9700.jpg,452,550,368,422
./train/images\3665248-bilbasen-suzuki_swift_2007-2_jpg.rf.553e839563b8886c6740cc15f88897f6.jpg,465,555,332,400
./train/images\3665248-bilbasen-suzuki_swift_2007-2_jpg.rf.87be2c5d33349b2c8508c340db3da13c.jpg,448,548,376,426
./train/images\3670621-bilbasen-suzuki_swift_2006-1_jpg.rf.17b7eccacc2c4e3e75894c46032f1cca.jpg,57,127,365,420
./train/images\3670621-bilbasen-suzuki_swift_2006-1_jpg.rf.4d6de7976a246ccbf4ea40ae77901942.jpg,53,116,333,396
./train/images\3670621-bilbasen-suzuki_swift_2006-1_jpg.rf.b8c7281b28f727a53dbd6a3c7aaeb36b.jpg,66,143,401,446
./train/images\3670621-bilbasen-suzuki_swift_2006-4_jpg.rf.1ef7bcc4a0055defc9d11f3a1db3fa3b.jpg,450,566,355,410
./train/images\3670621-bilbasen-suzuki_swift_2006-4_jpg.rf.6605084098e602c3303c0de648e3a883.jpg,447,564,363,414
./train/images\3670621-bilbasen-suzuki_swift_2006-4_jpg.rf.f1feb3431642c5f4918c09e9d66b6bb0.jpg,454,567,342,403
./train/images\3677008-bilbasen-suzuki_swift_2005-4_jpg.rf.17e16576511d029c127709bfa8ae30c1.jpg,456,545,371,442
./train/images\3677008-bilbasen-suzuki_swift_2005-4_jpg.rf.8638d4ffc8882f8d94dee14d0032bee6.jpg,436,526,411,467
./train/images\3677008-bilbasen-suzuki_swift_2005-4_jpg.rf.99766a6957fd9e4c2028651765835bdf.jpg,460,548,363,436
./train/images\3681669-bilbasen-skoda_octavia_hatchback-2_jpg.rf.05b6f21b145e00dc03a11037313b911a.jpg,274,427,396,469
./train/images\3681669-bilbasen-skoda_octavia_hatchback-2_jpg.rf.5bc9071b458289d246ce114397aaeab3.jpg,222,376,406,464
./train/images\3681669-bilbasen-skoda_octavia_hatchback-2_jpg.rf.6cc7b65a7042b8c1ab63f303ccb8757c.jpg,244,395,419,454
./train/images\3681669-bilbasen-skoda_octavia_hatchback-3_jpg.rf.1f3bdc16f22fc234f57d78101291a7bc.jpg,58,117,408,457
./train/images\3681669-bilbasen-skoda_octavia_hatchback-3_jpg.rf.2ec0941bca9f844a0596768c862ddf7d.jpg,55,112,398,450
./train/images\3681669-bilbasen-skoda_octavia_hatchback-3_jpg.rf.fd29126d57028c51c5ece4f0c00f2c51.jpg,46,102,370,428
./train/images\3689053-bilbasen-skoda_octavia_hatchback-1_jpg.rf.06d91a94eb1c954679b53679e9475015.jpg,87,147,417,476
./train/images\3689053-bilbasen-skoda_octavia_hatchback-1_jpg.rf.375eb5d681d090ccf30a6a906afa16c9.jpg,115,187,467,510
./train/images\3689053-bilbasen-skoda_octavia_hatchback-1_jpg.rf.beec353cfaa6a4250e2868a2ba567714.jpg,72,121,371,440
./train/images\3698689-bilbasen-chevrolet_spark_2013-2_jpg.rf.09c855d73345caa45def34c2f405a0c1.jpg,84,195,303,368
./train/images\3698689-bilbasen-chevrolet_spark_2013-2_jpg.rf.33ff99325763504e21d8d47ac55b80b9.jpg,100,209,373,414
./train/images\3698689-bilbasen-chevrolet_spark_2013-2_jpg.rf.72d181c6f1d1cd053b7fd1cd3c9a9f5a.jpg,89,199,339,389
./train/images\3698689-bilbasen-chevrolet_spark_2013-5_jpg.rf.996bc56986d34cdd024db29c8a480d62.jpg,535,625,288,341
./train/images\3698689-bilbasen-chevrolet_spark_2013-5_jpg.rf.a815cb8da529feaadcca251507a2484a.jpg,523,614,370,424
./train/images\3698689-bilbasen-chevrolet_spark_2013-5_jpg.rf.ac629c173998ed19fa6d2a31fab7e1bf.jpg,536,623,320,364
./train/images\3698689-bilbasen-chevrolet_spark_2013-8_jpg.rf.4fb2b79a90aee436f63e44b8081f7b81.jpg,245,387,418,450
./train/images\3698689-bilbasen-chevrolet_spark_2013-8_jpg.rf.68dbdd8ca228978e453039d28910d294.jpg,272,414,400,463
./train/images\3698689-bilbasen-chevrolet_spark_2013-8_jpg.rf.a6be7187315f953b1eae30b70f1fac5a.jpg,257,397,411,456
./train/images\3699590-bilbasen-toyota_avensis_sedan-1_jpg.rf.385858c5d51e72d6a13770955369243a.jpg,137,230,396,427
./train/images\3699590-bilbasen-toyota_avensis_sedan-1_jpg.rf.5946c0f1e2725bf0f9171df2d0476c0a.jpg,125,215,371,403
./train/images\3699590-bilbasen-toyota_avensis_sedan-1_jpg.rf.6c31105e42aabfb4ed7dc126f579f73d.jpg,135,228,394,424
./train/images\3706527-bilbasen-toyota_avensis_sedan-1_jpg.rf.661392a9c98f41ed89b87ab215aee112.jpg,496,551,353,396
./train/images\3706527-bilbasen-toyota_avensis_sedan-1_jpg.rf.895f8a0212dc21c45759a56d42b15221.jpg,504,554,312,364
./train/images\3706527-bilbasen-toyota_avensis_sedan-1_jpg.rf.9bc42f2abcfca82363da392aefbf5004.jpg,477,539,400,431
./train/images\3707322-bilbasen-skoda_octavia_hatchback-1_jpg.rf.912ec47b0660abbcbefba0e2e755cbc9.jpg,240,356,355,382
./train/images\3707322-bilbasen-skoda_octavia_hatchback-1_jpg.rf.abdb161f07fad94f09ac9ad29d0c617c.jpg,240,356,355,382
./train/images\3707322-bilbasen-skoda_octavia_hatchback-1_jpg.rf.b066481d157b6d01e67f6c19d020bfaa.jpg,247,363,350,393
./train/images\3711341-bilbasen-suzuki_swift_2006-2_jpg.rf.070cb4786ae11377e1b8954c9296abd2.jpg,446,550,381,424
./train/images\3711341-bilbasen-suzuki_swift_2006-2_jpg.rf.b36f0f424e0ba176ffa826c73278aa69.jpg,414,526,430,462
./train/images\3711341-bilbasen-suzuki_swift_2006-2_jpg.rf.d085af6f8c8d910be6c01ba696f7eaa9.jpg,459,559,340,401
./train/images\3711341-bilbasen-suzuki_swift_2006-3_jpg.rf.b33014e427bb8fd5c903dfe87ad8e0fb.jpg,116,219,410,446
./train/images\3711341-bilbasen-suzuki_swift_2006-3_jpg.rf.e2f92a0752a7c54f1a5ce0f13b78e107.jpg,107,206,389,434
./train/images\3711341-bilbasen-suzuki_swift_2006-3_jpg.rf.f4cb48b355df58dea5fb296b66814341.jpg,101,195,366,422
./train/images\3711341-bilbasen-suzuki_swift_2006-4_jpg.rf.0e410b627de116a71f0af468c53b5296.jpg,393,486,377,439
./train/images\3711341-bilbasen-suzuki_swift_2006-4_jpg.rf.8aa5feb156890622856794db2ca5c0b1.jpg,380,473,399,449
./train/images\3711341-bilbasen-suzuki_swift_2006-4_jpg.rf.acb81b4f636161bcbeaea091b51362fb.jpg,391,485,380,440
./train/images\3712855-bilbasen-toyota_avensis_stationcar-2_jpg.rf.073a86db8407485f4324559d4a0bb7fb.jpg,295,403,375,410
./train/images\3712855-bilbasen-toyota_avensis_stationcar-2_jpg.rf.3e5c485a04224ec983d181ccda896a8a.jpg,291,399,379,408
./train/images\3712855-bilbasen-toyota_avensis_stationcar-2_jpg.rf.e2f4902cbebdcc1e3ec22130b1f8f1a1.jpg,284,392,380,412
./train/images\3712855-bilbasen-toyota_avensis_stationcar-3_jpg.rf.275c055787192c911c818a5bc630dcae.jpg,455,512,340,393
./train/images\3712855-bilbasen-toyota_avensis_stationcar-3_jpg.rf.b4a61ee8eef61ff5e1b4ce207d63f53a.jpg,459,514,327,383
./train/images\3712855-bilbasen-toyota_avensis_stationcar-3_jpg.rf.cda9b3220e6ed01cce328ad501e5c178.jpg,443,501,375,418
./train/images\3712855-bilbasen-toyota_avensis_stationcar-4_jpg.rf.0f42b489069ea1c8b9cf4fb2041b4fc2.jpg,93,156,357,396
./train/images\3712855-bilbasen-toyota_avensis_stationcar-4_jpg.rf.9060d200eb6d5c4b6b65236835c275ac.jpg,96,162,372,407
./train/images\3712855-bilbasen-toyota_avensis_stationcar-4_jpg.rf.a8f5e546100cbc8ca6d781429f2d0183.jpg,91,153,345,388
./train/images\3722598-bilbasen-toyota_avensis_sedan-1_jpg.rf.43d7f8ed17b637fd4df2eed91a1e6a86.jpg,471,522,379,429
./train/images\3722598-bilbasen-toyota_avensis_sedan-1_jpg.rf.84826685386323a88102d0134ea385cc.jpg,460,514,400,444
./train/images\3722598-bilbasen-toyota_avensis_sedan-1_jpg.rf.fd8864483a917cd65a1d51f300dccd97.jpg,475,525,372,424
./train/images\3723829-bilbasen-suzuki_swift_2005-1_jpg.rf.143e627a44a1304e2c20531c0fa51d97.jpg,481,567,357,414
./train/images\3723829-bilbasen-suzuki_swift_2005-1_jpg.rf.689f3597a4436293f2a5b1c47f23d3fc.jpg,474,564,374,425
./train/images\3723829-bilbasen-suzuki_swift_2005-1_jpg.rf.f97b8294084a051f46e685027a302405.jpg,467,560,391,435
./train/images\3723829-bilbasen-suzuki_swift_2005-2_jpg.rf.38746e6f6a7a3827de14e5dc70def14b.jpg,506,569,328,388
./train/images\3723829-bilbasen-suzuki_swift_2005-2_jpg.rf.769017b3c80244bb3c2aed72b26cc771.jpg,505,568,337,395
./train/images\3723829-bilbasen-suzuki_swift_2005-2_jpg.rf.7f7cc2261a50f9dae5903240413355e6.jpg,511,571,285,354
./train/images\3723829-bilbasen-suzuki_swift_2005-3_jpg.rf.0d4a60935a1af12b0aa4bb29360ea602.jpg,70,152,344,410
./train/images\3723829-bilbasen-suzuki_swift_2005-3_jpg.rf.1cd6dc309e5682463138f9bcb02bf768.jpg,67,142,279,364
./train/images\3723829-bilbasen-suzuki_swift_2005-3_jpg.rf.36aa38710db0752e79e1254ba1378607.jpg,70,152,344,410
./train/images\3724106-bilbasen-toyota_avensis_sedan-1_jpg.rf.b252a7199fb2009420f98e18fb6fb178.jpg,67,179,414,495
./train/images\3724106-bilbasen-toyota_avensis_sedan-1_jpg.rf.c41776acac594459f62c0943487ceff0.jpg,51,151,364,465
./train/images\3724106-bilbasen-toyota_avensis_sedan-1_jpg.rf.f496d4c9354485a39fff3e59cda35566.jpg,81,201,444,511
./train/images\3724106-bilbasen-toyota_avensis_sedan-2_jpg.rf.0711da1da957d4b25f202a7bcc805159.jpg,238,425,486,525
./train/images\3724106-bilbasen-toyota_avensis_sedan-2_jpg.rf.29e751064177811b12980a97cc8e9b55.jpg,213,401,476,535
./train/images\3724106-bilbasen-toyota_avensis_sedan-2_jpg.rf.7356a1e564cff2fc556cdfd5310dd29a.jpg,244,431,482,528
./train/images\3726616-bilbasen-toyota_avensis_sedan-3_jpg.rf.ad049dac81b3df46d152e724300cb8fd.jpg,562,629,394,465
./train/images\3726616-bilbasen-toyota_avensis_sedan-3_jpg.rf.c6a48cff760432f9c275cb8da8962939.jpg,527,607,457,512
./train/images\3726616-bilbasen-toyota_avensis_sedan-3_jpg.rf.df2c76ad8cf3b8856c6e22f4eb5492e8.jpg,520,602,467,519
./train/images\3727863-bilbasen-toyota_avensis_stationcar-1_jpg.rf.b76d425d20cefc6418040fdfec2eefef.jpg,56,136,380,418
./train/images\3727863-bilbasen-toyota_avensis_stationcar-1_jpg.rf.de9b2bb5ec458585d66933495341c003.jpg,51,126,352,398
./train/images\3727863-bilbasen-toyota_avensis_stationcar-1_jpg.rf.fcf62d2ced6634588218174d3c12a886.jpg,60,141,393,427
./train/images\3727863-bilbasen-toyota_avensis_stationcar-2_jpg.rf.309d673d1d205d1a568b545eaaf8b59b.jpg,481,555,387,431
./train/images\3727863-bilbasen-toyota_avensis_stationcar-2_jpg.rf.541512b027a67fe4e9d206b32a97e9f2.jpg,492,561,362,413
./train/images\3727863-bilbasen-toyota_avensis_stationcar-2_jpg.rf.855d49071e67b85735a794ce0ff8010d.jpg,487,558,375,422
./train/images\3728604-bilbasen-toyota_avensis_sedan-1_jpg.rf.23e86f59cd504f62ed6f82b943a53374.jpg,381,499,478,509
./train/images\3728604-bilbasen-toyota_avensis_sedan-1_jpg.rf.9a2fb59329169af1740ea2582482f7b8.jpg,418,528,437,491
./train/images\3728604-bilbasen-toyota_avensis_sedan-1_jpg.rf.b111a717b6651d5c6543a48242d6c296.jpg,384,502,475,507
./train/images\3728714-bilbasen-skoda_octavia_hatchback-1_jpg.rf.23504a919a75e7cff5808e249d4d8d97.jpg,524,586,317,353
./train/images\3728714-bilbasen-skoda_octavia_hatchback-1_jpg.rf.75de749715fb9bd8d469eed402f13169.jpg,525,582,270,317
./train/images\3728714-bilbasen-skoda_octavia_hatchback-1_jpg.rf.af180b234a47e0752f031990c7d7eb0b.jpg,523,579,252,303
./train/images\3728714-bilbasen-skoda_octavia_hatchback-2_jpg.rf.8442e56ec8a3f09c0e5efb568d9a2f10.jpg,65,115,282,332
./train/images\3728714-bilbasen-skoda_octavia_hatchback-2_jpg.rf.b4ac670ea7d3804aedb9e6ceac7a236e.jpg,64,122,344,382
./train/images\3728714-bilbasen-skoda_octavia_hatchback-2_jpg.rf.d68257ae8e55d68b3b250744b7746e93.jpg,67,128,366,399
./train/images\3731603-bilbasen-suzuki_swift_2010-6_jpg.rf.2d0b7e4900fa9831b8682c17cc583b45.jpg,159,262,345,396
./train/images\3731603-bilbasen-suzuki_swift_2010-6_jpg.rf.af46b95b6dbe3959f417d93db6bbc709.jpg,161,264,353,399
./train/images\3731603-bilbasen-suzuki_swift_2010-6_jpg.rf.f9292f6030a6f8b5021e4f61bdcd50bf.jpg,163,266,359,401
./train/images\3731603-bilbasen-suzuki_swift_2010-8_jpg.rf.165774d348dc0d16cb1794f7afb5fc34.jpg,256,364,268,305
./train/images\3731603-bilbasen-suzuki_swift_2010-8_jpg.rf.a60e0c5826e4e5822eafc983e2053aee.jpg,267,375,263,309
./train/images\3731603-bilbasen-suzuki_swift_2010-8_jpg.rf.ac146c7c758949b107e9cc2ace835071.jpg,262,368,272,300
./train/images\3732317-bilbasen-suzuki_swift_2006-1_jpg.rf.64396717dc6a0fac8862eb6b57213820.jpg,134,199,332,383
./train/images\3732317-bilbasen-suzuki_swift_2006-1_jpg.rf.b2901d02fd660bc9f711c2e7e6cc9e5e.jpg,138,203,348,394
./train/images\3732317-bilbasen-suzuki_swift_2006-1_jpg.rf.e17bee7bcfba77d17f4864fbfed06211.jpg,131,196,310,367
./train/images\3732317-bilbasen-suzuki_swift_2006-4_jpg.rf.6d75af0789c819199bcac7b6907ec746.jpg,241,373,375,421
./train/images\3732317-bilbasen-suzuki_swift_2006-4_jpg.rf.757d827cd38a2e3c55428581727d486b.jpg,247,378,380,417
./train/images\3732317-bilbasen-suzuki_swift_2006-4_jpg.rf.e3aee37ffaa96675c41069adcf5c85fc.jpg,251,382,384,414
./train/images\3732317-bilbasen-suzuki_swift_2006-5_jpg.rf.99f703f8cf04ef9c2aba973c62307a32.jpg,146,185,332,377
./train/images\3732317-bilbasen-suzuki_swift_2006-5_jpg.rf.a1c3cd24cd218fd7b68ba851bbab3df5.jpg,144,182,317,365
./train/images\3732317-bilbasen-suzuki_swift_2006-5_jpg.rf.bf9533e091451148c4ebb0c0f7333e2c.jpg,146,184,329,374
./train/images\3732317-bilbasen-suzuki_swift_2006-8_jpg.rf.29b0275833d921585e4c7ee421121b3a.jpg,261,390,357,404
./train/images\3732317-bilbasen-suzuki_swift_2006-8_jpg.rf.acef7c398c0d5c019ae8b10cdb99eed8.jpg,243,370,353,404
./train/images\3732317-bilbasen-suzuki_swift_2006-8_jpg.rf.c84fd6e789d2a94345f702b21f5fe9f6.jpg,252,379,364,396
./train/images\3732437-bilbasen-toyota_avensis_sedan-1_jpg.rf.55737f492171e4421a2e0a96cf71e21d.jpg,103,187,380,441
./train/images\3732437-bilbasen-toyota_avensis_sedan-1_jpg.rf.be22e6ab07a268dc4f970d8e87730874.jpg,109,198,399,452
./train/images\3732437-bilbasen-toyota_avensis_sedan-1_jpg.rf.e9e3002d343dfab34f447ffc9355377d.jpg,104,189,384,444
./train/images\3732437-bilbasen-toyota_avensis_sedan-2_jpg.rf.3cec5c0716445b140957294a0e000eb7.jpg,204,389,452,516
./train/images\3732437-bilbasen-toyota_avensis_sedan-2_jpg.rf.4ba91876ed2626a2b5747080016151f5.jpg,234,418,463,506
./train/images\3732437-bilbasen-toyota_avensis_sedan-2_jpg.rf.653a324e6a0764c6c7ce2ce75de51c81.jpg,231,415,465,506
./train/images\3732437-bilbasen-toyota_avensis_sedan-3_jpg.rf.1590fcd89cd8510b446ed772ed5ada7e.jpg,515,601,378,440
./train/images\3732437-bilbasen-toyota_avensis_sedan-3_jpg.rf.c511acdd372c3a5950d20afd261bf510.jpg,540,612,303,385
./train/images\3732437-bilbasen-toyota_avensis_sedan-3_jpg.rf.ffb995646ee0d1750af9d9b0c0c82afe.jpg,483,580,439,481
./train/images\3732938-bilbasen-suzuki_swift_2006-1_jpg.rf.c06559583666cfdf1a5c4402b2f8015e.jpg,418,479,348,373
./train/images\3732938-bilbasen-suzuki_swift_2006-1_jpg.rf.d0d7479f749ee05f30ecf9a99a2d018e.jpg,415,477,356,378
./train/images\3732938-bilbasen-suzuki_swift_2006-1_jpg.rf.e95c6b561b5eb8f33c44cb4d773ce462.jpg,426,483,306,346
./train/images\3732938-bilbasen-suzuki_swift_2006-2_jpg.rf.859b6bc8ec5e756a739b0baecb27aa7a.jpg,133,185,227,274
./train/images\3732938-bilbasen-suzuki_swift_2006-2_jpg.rf.d38a3b678384711046a1f5ee07b608e3.jpg,117,176,278,311
./train/images\3732938-bilbasen-suzuki_swift_2006-2_jpg.rf.dff489a40813f237e9ab088ee372abbe.jpg,120,177,264,301
./train/images\3732938-bilbasen-suzuki_swift_2006-3_jpg.rf.05e30e4c1c8054973a1a8bf0ade8bdcc.jpg,135,182,287,313
./train/images\3732938-bilbasen-suzuki_swift_2006-3_jpg.rf.62394c0215fa304ebe2c027c7e755cf2.jpg,140,187,264,286
./train/images\3732938-bilbasen-suzuki_swift_2006-3_jpg.rf.7cc3d40916ded3396ca9481b98635f36.jpg,137,184,276,301
./train/images\3732938-bilbasen-suzuki_swift_2006-4_jpg.rf.67d04e08464e979d42032b11ee28ee05.jpg,414,468,245,281
./train/images\3732938-bilbasen-suzuki_swift_2006-4_jpg.rf.b09e3270e63404b79bc6c350f4722aff.jpg,421,474,266,295
./train/images\3732938-bilbasen-suzuki_swift_2006-4_jpg.rf.cfb3102cdc8df75401852cb53dd4f081.jpg,424,482,299,317
./train/images\3732938-bilbasen-suzuki_swift_2006-5_jpg.rf.181fd71353d885f934fe9b542ff6c8d0.jpg,261,351,318,351
./train/images\3732938-bilbasen-suzuki_swift_2006-5_jpg.rf.86caabbfb5fe0ea227182125aedffa91.jpg,260,348,323,344
./train/images\3732938-bilbasen-suzuki_swift_2006-5_jpg.rf.8e5faf4ed1aa05f33d11854bb5b54e66.jpg,258,347,314,348
./train/images\3732938-bilbasen-suzuki_swift_2006-9_jpg.rf.10424c5f434519af6756bfcbca4b7d4c.jpg,249,349,313,355
./train/images\3732938-bilbasen-suzuki_swift_2006-9_jpg.rf.2368415d35a74c5bf63944699c9fede6.jpg,252,351,326,350
./train/images\3732938-bilbasen-suzuki_swift_2006-9_jpg.rf.5918c7fb942652a708b0015baa3b988f.jpg,253,354,322,357
./train/images\3987f8e4-7e08-433d-bf31-58555f349176_jpeg.rf.0520c3f81aea4bad6dac11345a82db1a.jpg,261,374,380,410
./train/images\3987f8e4-7e08-433d-bf31-58555f349176_jpeg.rf.598982b7e0717be29b04d87ab2605d04.jpg,242,358,365,420
./train/images\3987f8e4-7e08-433d-bf31-58555f349176_jpeg.rf.df8296c896d3c4758f99e5001ea0fa75.jpg,263,376,382,409
./train/images\39cbca5d-a08e-4e63-a766-e37936bb68bf_jpeg.rf.5f44a628ef9615d44d3efe2a810a893d.jpg,363,420,339,381
./train/images\39cbca5d-a08e-4e63-a766-e37936bb68bf_jpeg.rf.a81649f20ba51c258a68de2b955b1692.jpg,361,419,343,383
./train/images\39cbca5d-a08e-4e63-a766-e37936bb68bf_jpeg.rf.d4ea4b7fdaa3dd1d8ec87ed7f0304784.jpg,356,413,354,388
./train/images\3MwY589oaEGA-31xzQfuXy_micr_jpg.rf.7cd7b10bf91ad541111a4b4ccceae4be.jpg,347,499,359,421
./train/images\3MwY589oaEGA-31xzQfuXy_micr_jpg.rf.ad1c0f7f1d9056dd3a88c691e5b0fc64.jpg,338,488,383,425
./train/images\3MwY589oaEGA-31xzQfuXy_micr_jpg.rf.e03650c0a85d6f46f0e7d4c42e2dc039.jpg,312,468,389,457
./train/images\42fd8e47-aff1-4413-940c-4eeb70bd70bf_jpeg.rf.2606e2701df42ab8ef926f67a68d44be.jpg,138,221,321,349
./train/images\42fd8e47-aff1-4413-940c-4eeb70bd70bf_jpeg.rf.7f6663c1d2cfd61a7b7554d153f0c3f4.jpg,141,228,338,378
./train/images\42fd8e47-aff1-4413-940c-4eeb70bd70bf_jpeg.rf.e965b54984970ce53dedca0b210d67ba.jpg,138,221,321,349
./train/images\45f65c23-07b6-4206-a094-d020209e6ccd_2_90_0_0_4611_3000_1440_937_9e14d0e7_jpg.rf.2bee5956db176f4cff9721ab46bf0669.jpg,259,446,273,319
./train/images\45f65c23-07b6-4206-a094-d020209e6ccd_2_90_0_0_4611_3000_1440_937_9e14d0e7_jpg.rf.8c4a0accef42f80340050226012000e6.jpg,249,440,247,326
./train/images\45f65c23-07b6-4206-a094-d020209e6ccd_2_90_0_0_4611_3000_1440_937_9e14d0e7_jpg.rf.c136aeec428c2aeb9e655402760471ff.jpg,265,453,259,349
./train/images\46167961-332d-4849-8481-3787b609389e_jpeg.rf.50dec7ab569214e11bb375b5a14e550a.jpg,33,142,348,399
./train/images\46167961-332d-4849-8481-3787b609389e_jpeg.rf.828cb7b154a67400d2ba9afec6da848d.jpg,31,134,312,377
./train/images\46167961-332d-4849-8481-3787b609389e_jpeg.rf.99f58436de29af48ba12a6dd9ff54e40.jpg,36,131,267,347
./train/images\468627c5-e606-4067-8cb8-74a3e389e65c_jpeg.rf.3401670e0464e3e3dc3838b2cde6cf7b.jpg,261,387,334,366
./train/images\468627c5-e606-4067-8cb8-74a3e389e65c_jpeg.rf.72c89c662b470f183ec9085ca767f98f.jpg,251,380,319,382
./train/images\468627c5-e606-4067-8cb8-74a3e389e65c_jpeg.rf.7a2109cb7407944883eba6c8f5b6d5fc.jpg,263,389,332,369
./train/images\46b3b42d-4c78-4313-8519-63422ba8696c_jpeg.rf.44ded721d8d36474ff9fcdee61c6d938.jpg,257,390,423,454
./train/images\46b3b42d-4c78-4313-8519-63422ba8696c_jpeg.rf.71089b50e47508073ca4571348d7aeb9.jpg,253,387,421,456
./train/images\46b3b42d-4c78-4313-8519-63422ba8696c_jpeg.rf.8cc057a86d6996634ec5146fe5f95dfe.jpg,264,399,418,458
./train/images\47eb8fd2-6a3c-47cc-88ff-ea441c6600df_jpeg.rf.159683cb6c4d24e6e9d7d5af777184e5.jpg,479,544,348,387
./train/images\47eb8fd2-6a3c-47cc-88ff-ea441c6600df_jpeg.rf.44e91c062e7546f612c63eee99adb1c1.jpg,481,547,332,376
./train/images\47eb8fd2-6a3c-47cc-88ff-ea441c6600df_jpeg.rf.b0c1c23b69d6c06a8b564b4b9466c007.jpg,483,549,278,334
./train/images\499ce889-ab82-4404-aec7-4a91a43514d5_jpeg.rf.1c92f5902b6a02d99e8f00364d904732.jpg,402,467,376,418
./train/images\499ce889-ab82-4404-aec7-4a91a43514d5_jpeg.rf.86fcc706468df7356e4eae1d2db0bc7d.jpg,391,460,391,426
./train/images\499ce889-ab82-4404-aec7-4a91a43514d5_jpeg.rf.8ffbf6d8fa8b057eebb620b58a06ed63.jpg,382,453,403,432
./train/images\4a55b276-4362-4e46-b937-6b697471c43c_jpeg.rf.298d259ca25f06d50850244a97e84682.jpg,442,578,340,402
./train/images\4a55b276-4362-4e46-b937-6b697471c43c_jpeg.rf.64dbd946e9acbfb98866b89d82fe375e.jpg,445,578,331,397
./train/images\4a55b276-4362-4e46-b937-6b697471c43c_jpeg.rf.66a6ed3ce9267c15aa830ed2e9d7806c.jpg,447,578,313,388
./train/images\4f764ea1-fe86-4e55-b0eb-01eafde02984_jpeg.rf.519f56d343b790cb28c8e56f8d9e5296.jpg,79,141,411,440
./train/images\4f764ea1-fe86-4e55-b0eb-01eafde02984_jpeg.rf.edc59a122b956bb25cbb76a6a8c11b59.jpg,63,116,351,389
./train/images\4f764ea1-fe86-4e55-b0eb-01eafde02984_jpeg.rf.f3f87872df0a5fb1297c5e7a18ccbebf.jpg,76,137,405,433
./train/images\527a7f0b-997a-46f5-b465-517faf06df44_jpeg.rf.79e1eeab7ec5cf7ebc7728ffc1dc59c4.jpg,394,493,389,426
./train/images\527a7f0b-997a-46f5-b465-517faf06df44_jpeg.rf.a93ebfd825ca04eaf2eb22ed85a2767c.jpg,370,467,420,450
./train/images\527a7f0b-997a-46f5-b465-517faf06df44_jpeg.rf.d03ab6979cfbb935dd25535e1c897cee.jpg,374,471,418,445
./train/images\56b7fb60-a171-41a7-b10c-be510d32e9ba_jpeg.rf.5c67a1cee300216c1bfa4a54add1ae51.jpg,62,131,301,383
./train/images\56b7fb60-a171-41a7-b10c-be510d32e9ba_jpeg.rf.849323a2ed97064f1b93e2f0df57074f.jpg,61,130,297,379
./train/images\56b7fb60-a171-41a7-b10c-be510d32e9ba_jpeg.rf.9fc673a38fb6c6d0e0aefa26d84d0910.jpg,68,141,350,419
./train/images\5af21655-b613-4614-9a36-25520007437c_jpeg.rf.42a96426ea74c56f751bea432650bdcd.jpg,511,597,300,399
./train/images\5af21655-b613-4614-9a36-25520007437c_jpeg.rf.70fe5d4f3888e0b3e06646f123a62ffb.jpg,495,586,365,446
./train/images\5af21655-b613-4614-9a36-25520007437c_jpeg.rf.dd40d33eb1c4717b83c1ad4f3095084c.jpg,502,592,342,430
./train/images\5bfc840c-193d-4dfb-94d2-3f79d48ef795_jpeg.rf.319097082d4cd3940899f3eeda84b1f8.jpg,211,420,452,507
./train/images\5bfc840c-193d-4dfb-94d2-3f79d48ef795_jpeg.rf.42bc85d3d5df970020613f140883cbd0.jpg,255,468,425,523
./train/images\5bfc840c-193d-4dfb-94d2-3f79d48ef795_jpeg.rf.9634fc33359905341281780754c85c16.jpg,219,428,455,505
./train/images\61dfc292-f8fd-4009-9a22-88142b66beaa_jpeg.rf.33c6ac79ecdde59748e1eba09f22f305.jpg,69,112,369,397
./train/images\61dfc292-f8fd-4009-9a22-88142b66beaa_jpeg.rf.715b520d3ffdeefd25385532a3f5f855.jpg,67,110,362,389
./train/images\61dfc292-f8fd-4009-9a22-88142b66beaa_jpeg.rf.f97b1f038f7a83ac8681048740625d97.jpg,59,106,320,351
./train/images\629d36c3-f026-4c56-a6b0-42d9a9edbb0f_jpeg.rf.45968b8cb344db9bbb77da1860f89d90.jpg,524,574,404,460
./train/images\629d36c3-f026-4c56-a6b0-42d9a9edbb0f_jpeg.rf.4cfd71975f1299a93a96cd9523273b61.jpg,526,576,399,456
./train/images\629d36c3-f026-4c56-a6b0-42d9a9edbb0f_jpeg.rf.77132044e2614f09a87eded2a819e605.jpg,526,576,399,456
./train/images\640cece4-e517-4aa1-b673-ada8722a2c4e_jpeg.rf.8d70b6e31342c52353b9171427f5af5b.jpg,87,145,337,377
./train/images\640cece4-e517-4aa1-b673-ada8722a2c4e_jpeg.rf.8f9e51266d55dc2dedbb1d8b5599ef28.jpg,91,148,357,392
./train/images\640cece4-e517-4aa1-b673-ada8722a2c4e_jpeg.rf.9b679956ce11cf783441fea2bd52a2f4.jpg,83,142,301,348
./train/images\64e285b1-5e9f-413d-82b3-5b954201d29a_jpeg.rf.75caadf9630c65a1631e897a4b959fc2.jpg,454,574,285,383
./train/images\64e285b1-5e9f-413d-82b3-5b954201d29a_jpeg.rf.be16e2b06ce52436837c49c4f676a677.jpg,455,563,225,349
./train/images\64e285b1-5e9f-413d-82b3-5b954201d29a_jpeg.rf.be3c30eb765cd85b1157b9dfdeddaa27.jpg,436,575,343,411
./train/images\666e6b3a-c0ec-4c07-9e7e-1bbfc0ae1dc3_jpeg.rf.10f0b429ad51ea3f45e05a7e5ea77b21.jpg,47,103,318,358
./train/images\666e6b3a-c0ec-4c07-9e7e-1bbfc0ae1dc3_jpeg.rf.244a9dab7649805672320ea0ac41784d.jpg,49,104,332,370
./train/images\666e6b3a-c0ec-4c07-9e7e-1bbfc0ae1dc3_jpeg.rf.d99a559e36622376b9b77ce4c8ceb4b8.jpg,47,103,308,351
./train/images\66c9c45e-8a80-4f40-9fe0-967ca5a8391b_jpeg.rf.42f4a7ec9d4aabc3263bc6b98b21f712.jpg,59,136,403,443
./train/images\66c9c45e-8a80-4f40-9fe0-967ca5a8391b_jpeg.rf.6ca7ff18266d709e0c49610e47a99a16.jpg,48,115,351,406
./train/images\66c9c45e-8a80-4f40-9fe0-967ca5a8391b_jpeg.rf.81f339afc8a3fe288df1551dda969ae2.jpg,50,120,366,417
./train/images\6713bdb1-6a7f-40d2-ab1f-27a3c34e1627_jpeg.rf.8c1e00b40a3fd91246c6c304763e7829.jpg,216,416,441,488
./train/images\6713bdb1-6a7f-40d2-ab1f-27a3c34e1627_jpeg.rf.96ac9a6321bd30aa28cc566b311e36a5.jpg,239,443,423,503
./train/images\6713bdb1-6a7f-40d2-ab1f-27a3c34e1627_jpeg.rf.ac4e277f3225e17967fe3563628a1bb6.jpg,244,448,419,506
./train/images\6809f427-fdbe-4a0e-be61-3e14fe9cb907_jpeg.rf.01a60eaeca7c1c4c9268ab1003347514.jpg,81,157,319,383
./train/images\6809f427-fdbe-4a0e-be61-3e14fe9cb907_jpeg.rf.1d3ef8f86255aa42758bdc5ede3e97b1.jpg,95,172,379,425
./train/images\6809f427-fdbe-4a0e-be61-3e14fe9cb907_jpeg.rf.59f149d70cac54950836ee1789d2193b.jpg,92,168,371,420
./train/images\69084a38-36e3-489a-bb82-0caf95a83050_jpeg.rf.1bab0abd7d12cbc5682157a76a1b5842.jpg,488,541,350,404
./train/images\69084a38-36e3-489a-bb82-0caf95a83050_jpeg.rf.7385b3685fc114a5520224b2fa8b3312.jpg,478,532,379,428
./train/images\69084a38-36e3-489a-bb82-0caf95a83050_jpeg.rf.d898293570d67ba425613d6df6228d82.jpg,485,538,361,413
./train/images\698a7f36-7a2e-4509-b56f-3ec1f9f1e82c_jpeg.rf.330e76c6da99c33e60f3b2ac03502f01.jpg,424,468,329,355
./train/images\698a7f36-7a2e-4509-b56f-3ec1f9f1e82c_jpeg.rf.516a1174c43363baebf69ec26f270fa0.jpg,420,464,349,370
./train/images\698a7f36-7a2e-4509-b56f-3ec1f9f1e82c_jpeg.rf.fbe8fb5325a7c2de58e911cf35d015ab.jpg,421,465,344,366
./train/images\69e8ee7a-d014-4d72-bd89-d37d24f9a7d8_jpeg.rf.3ef4d998f3244526a5e59b1edb6280f3.jpg,440,509,389,443
./train/images\69e8ee7a-d014-4d72-bd89-d37d24f9a7d8_jpeg.rf.f55edcb2f68f275c3baeb6b4392bb423.jpg,425,495,414,459
./train/images\69e8ee7a-d014-4d72-bd89-d37d24f9a7d8_jpeg.rf.f9264945a58ed0406aeab34a2c242aa1.jpg,442,511,386,440
./train/images\71b3d2af-910d-48b2-baaf-e0440a295467_jpeg.rf.7e890a4e4ac44c5af36bfd90b2f97ff8.jpg,187,396,475,543
./train/images\71b3d2af-910d-48b2-baaf-e0440a295467_jpeg.rf.a7f6529061c8d5283d8465c92fafe9f0.jpg,218,428,495,530
./train/images\71b3d2af-910d-48b2-baaf-e0440a295467_jpeg.rf.e7267993ccd14119c674def911caed04.jpg,197,406,481,539
./train/images\73b8392b-d061-4b58-be47-794363faf4ad_jpeg.rf.0eda40bb0a54e6abfa192d6e6f8678d1.jpg,555,609,379,432
./train/images\73b8392b-d061-4b58-be47-794363faf4ad_jpeg.rf.7c60644b0c3c3008d679585cf76c7c52.jpg,557,610,374,427
./train/images\73b8392b-d061-4b58-be47-794363faf4ad_jpeg.rf.93b95fbadca318b975830e11495c8828.jpg,546,600,403,452
./train/images\76186a5f-38ce-406d-8cdb-66e5d07c4933_jpeg.rf.14e20f91ad388d0e70545223a172a25f.jpg,191,229,466,506
./train/images\76186a5f-38ce-406d-8cdb-66e5d07c4933_jpeg.rf.793da7b835367fd3dc12bcb060d1235d.jpg,172,209,449,493
./train/images\76186a5f-38ce-406d-8cdb-66e5d07c4933_jpeg.rf.7fa77a61b1aca822ce08f39f3e04b593.jpg,199,238,473,510
./train/images\76bf59a9-75b6-424a-9f90-8d0aafd5fc61_jpeg.rf.7350e31c77ad66c797f3b164b46e4423.jpg,70,146,420,452
./train/images\76bf59a9-75b6-424a-9f90-8d0aafd5fc61_jpeg.rf.7452b9d1ecdc6184047e94b668a8092d.jpg,56,124,371,416
./train/images\76bf59a9-75b6-424a-9f90-8d0aafd5fc61_jpeg.rf.8e09c9294bad0dfb06345021903605e8.jpg,49,116,338,392
./train/images\7842bf51-64f1-4f2c-93ae-5aa56c8cf50c_jpeg.rf.df46aaf612f9768a45dcf4934ae5d244.jpg,525,580,331,390
./train/images\7842bf51-64f1-4f2c-93ae-5aa56c8cf50c_jpeg.rf.eeb4977c9b3e4b3335da6e962ac68b12.jpg,526,581,326,387
./train/images\7842bf51-64f1-4f2c-93ae-5aa56c8cf50c_jpeg.rf.f283550d9addac525de0c6fb00e2c390.jpg,530,581,272,342
./train/images\7faacea3-0d73-4a60-980c-910f82ba5a01_jpeg.rf.06d64bcd07c8abd39d663087e38c089b.jpg,279,396,439,467
./train/images\7faacea3-0d73-4a60-980c-910f82ba5a01_jpeg.rf.09b8e8110d07fe1ca10e7c9d90689767.jpg,279,396,439,467
./train/images\7faacea3-0d73-4a60-980c-910f82ba5a01_jpeg.rf.b26b882be0986ba6f329ff4f574ea409.jpg,306,422,420,472
./train/images\81b8851c-630f-4454-8fd7-9b13d4899bf5_jpeg.rf.3ce09aaa939636ef2770860f087242a9.jpg,254,381,383,414
./train/images\81b8851c-630f-4454-8fd7-9b13d4899bf5_jpeg.rf.5308dfde14a81f5e2963f96efa0b4981.jpg,273,403,365,427
./train/images\81b8851c-630f-4454-8fd7-9b13d4899bf5_jpeg.rf.d4da49b8118a48275b04c0d9471f86f2.jpg,253,380,383,415
./train/images\83f29b05-bdad-425f-90c0-4854fc0be28e_jpeg.rf.aafc686d7112a2bf85be06721609e287.jpg,252,384,433,466
./train/images\83f29b05-bdad-425f-90c0-4854fc0be28e_jpeg.rf.c81bcd2bac45f4d4b772089ea671459f.jpg,266,398,429,470
./train/images\83f29b05-bdad-425f-90c0-4854fc0be28e_jpeg.rf.eb69f6532fd7018867cab3106b24aff5.jpg,257,388,434,466
./train/images\84f3e27d-b3cc-4d6b-b10c-f587e29b13af_jpeg.rf.659c49f1c032123d44f4cbb770ae0aca.jpg,48,94,285,309
./train/images\84f3e27d-b3cc-4d6b-b10c-f587e29b13af_jpeg.rf.9e0082789c62793bb7eaa8eff4ed9c3b.jpg,49,97,266,293
./train/images\84f3e27d-b3cc-4d6b-b10c-f587e29b13af_jpeg.rf.f0f8c5aab6e6595f60b11bc0b1aaf843.jpg,53,102,243,273
./train/images\8562ff91-f094-4c4d-8b24-0c9691dcfac0_jpeg.rf.5960a5b2dd879cdfc614e51fe7cf62cd.jpg,254,391,342,376
./train/images\8562ff91-f094-4c4d-8b24-0c9691dcfac0_jpeg.rf.779a09a5e0e711bdfa41a2ced5b3cd08.jpg,255,393,341,378
./train/images\8562ff91-f094-4c4d-8b24-0c9691dcfac0_jpeg.rf.9d33a91b6461182e5daea234d54d721f.jpg,255,392,342,377
./train/images\85ccd47a-ba1a-4f2e-b4e1-a528f5fdd73e_jpeg.rf.f1caab186797698bbb39fb7c1925af40.jpg,142,198,287,338
./train/images\85ccd47a-ba1a-4f2e-b4e1-a528f5fdd73e_jpeg.rf.f77d7b1737b7c24510b6cd15233a573d.jpg,142,202,330,367
./train/images\85ccd47a-ba1a-4f2e-b4e1-a528f5fdd73e_jpeg.rf.fb4b1866acfe4c2ce4ee25134460869a.jpg,142,201,327,365
./train/images\85e9fb73-9467-4691-be49-cd81b72a2a5c_jpeg.rf.08fa33e0b29ae39936c7c58d55fb879c.jpg,447,523,368,418
./train/images\85e9fb73-9467-4691-be49-cd81b72a2a5c_jpeg.rf.6e640a7ffd2f60e790c1a030cf1e3f93.jpg,431,503,407,445
./train/images\85e9fb73-9467-4691-be49-cd81b72a2a5c_jpeg.rf.a9fe6c6cefa497ba717d9e9c7279d9bd.jpg,450,526,361,413
./train/images\8b170de9-3420-4395-b29f-b2af92b09018_jpeg.rf.512fb15c011d4d3ada7433bac9dbd4b9.jpg,518,582,398,429
./train/images\8b170de9-3420-4395-b29f-b2af92b09018_jpeg.rf.87f20ab2b2f26e0c34219f5e36dfe78c.jpg,535,597,336,366
./train/images\8b170de9-3420-4395-b29f-b2af92b09018_jpeg.rf.fbdeb8fabb2b484eb625f9a941fd3b5f.jpg,534,595,351,377
./train/images\8b7f20a1-de75-4645-b1fc-a4f26b622f5f_jpeg.rf.4e5778402dc4df7c05437d704ebb510b.jpg,254,388,377,410
./train/images\8b7f20a1-de75-4645-b1fc-a4f26b622f5f_jpeg.rf.896ef1d09339a28d3ef22e323ac61e9e.jpg,251,385,375,413
./train/images\8b7f20a1-de75-4645-b1fc-a4f26b622f5f_jpeg.rf.919c884ca2af9a2db35d21d0257143b2.jpg,254,388,377,410
./train/images\8d3492c7-4ed0-40fb-85aa-ddfbc102c9ea_jpeg.rf.d12aaae3fd6303e08345b2450d4281c7.jpg,194,425,460,496
./train/images\8d3492c7-4ed0-40fb-85aa-ddfbc102c9ea_jpeg.rf.da02e24f9c9fdac66bbcf4ad1d713e18.jpg,180,410,447,504
./train/images\8d3492c7-4ed0-40fb-85aa-ddfbc102c9ea_jpeg.rf.e66ee773a0482730c3f8c7e58ca60f07.jpg,226,453,435,517
./train/images\8f59590d-bf3d-4edd-9dcd-1e328790d428_jpeg.rf.2b1e526ef11803b03e8717af9036f2de.jpg,262,379,281,309
./train/images\8f59590d-bf3d-4edd-9dcd-1e328790d428_jpeg.rf.460872c1655ff324a0d11b1fc4878818.jpg,264,384,274,318
./train/images\8f59590d-bf3d-4edd-9dcd-1e328790d428_jpeg.rf.cfaf95cb94918900ba8454460949338d.jpg,263,382,277,314
./train/images\90089c8f-de6d-4ed0-a3ec-5c7cdeac9ac0_jpeg.rf.58c38781fabe0ed86273429e8a82cb75.jpg,269,394,355,401
./train/images\90089c8f-de6d-4ed0-a3ec-5c7cdeac9ac0_jpeg.rf.c03e6032b795de8b24fe37a7073bd66e.jpg,270,395,354,401
./train/images\90089c8f-de6d-4ed0-a3ec-5c7cdeac9ac0_jpeg.rf.c510829f93a06a1687e3ed6ec530cbca.jpg,262,386,364,394
./train/images\904c1fc9-0503-43e7-8829-ca9abf73d7e8_jpeg.rf.74e92b23598abac344b73f21be0da7cd.jpg,161,418,448,538
./train/images\904c1fc9-0503-43e7-8829-ca9abf73d7e8_jpeg.rf.7cd672691781b54e643f25523dd6c689.jpg,191,455,478,518
./train/images\904c1fc9-0503-43e7-8829-ca9abf73d7e8_jpeg.rf.f3b51afc7cb1c01e80716254deb30dd4.jpg,170,431,458,532
./train/images\92fa6278-7937-438b-8b42-0075bad2a51e_jpeg.rf.28aa3e03406101d2c015792ced0f247a.jpg,251,382,286,334
./train/images\92fa6278-7937-438b-8b42-0075bad2a51e_jpeg.rf.6aa291bbecc26562004c5e20d6b5f193.jpg,253,382,294,325
./train/images\92fa6278-7937-438b-8b42-0075bad2a51e_jpeg.rf.cd24be8680fa0877b67c1292536c6fd4.jpg,250,381,280,341
./train/images\930fc88b-5e98-4ace-830e-89c5135583c7_jpeg.rf.32c8b4767edcee72487b9619209a61e9.jpg,466,535,415,462
./train/images\930fc88b-5e98-4ace-830e-89c5135583c7_jpeg.rf.4a7ede23785fbfc0ea04e3262adffb1e.jpg,450,523,437,476
./train/images\930fc88b-5e98-4ace-830e-89c5135583c7_jpeg.rf.6da50fd12807324e594079cd54a5b662.jpg,473,539,403,454
./train/images\93bfdfba-8333-4c7c-a786-ac3117592c0f_jpeg.rf.7d828a529ab57c4bd583e21ed7e5a78b.jpg,555,595,362,397
./train/images\93bfdfba-8333-4c7c-a786-ac3117592c0f_jpeg.rf.9e2a309a8630852ed538a65a5a52bfea.jpg,561,602,300,341
./train/images\93bfdfba-8333-4c7c-a786-ac3117592c0f_jpeg.rf.c90706958d2db8f231b0c72ec061868a.jpg,550,590,380,414
./train/images\94d482ff-c9b9-4f2c-98c2-91c1b6ce4136_jpeg.rf.4a4b3a820b7a7c10925e060351249b20.jpg,556,607,375,399
./train/images\94d482ff-c9b9-4f2c-98c2-91c1b6ce4136_jpeg.rf.d2daa4d0876dcdd2cb6ee481a20bd27d.jpg,549,598,402,426
./train/images\94d482ff-c9b9-4f2c-98c2-91c1b6ce4136_jpeg.rf.fc3c7f954b7118cc4ac287108db6064c.jpg,563,617,310,343
./train/images\94ea659b-a448-40d8-a113-6a044265c10a_jpeg.rf.0acdf705b43fca81f3f5bb33f9c7bb8b.jpg,92,123,384,417
./train/images\94ea659b-a448-40d8-a113-6a044265c10a_jpeg.rf.20c5305378f42c96f2add9aa91efce1b.jpg,94,127,392,424
./train/images\94ea659b-a448-40d8-a113-6a044265c10a_jpeg.rf.aaabac9ca8b248caf02c041fbea24240.jpg,83,115,356,392
./train/images\97e899e4-b94b-4355-9f0b-491e76741f28_jpeg.rf.0b7d53cc013d65f389addc654ecb9558.jpg,54,117,383,431
./train/images\97e899e4-b94b-4355-9f0b-491e76741f28_jpeg.rf.26a26900e434d4123b2276769439a812.jpg,47,101,336,394
./train/images\97e899e4-b94b-4355-9f0b-491e76741f28_jpeg.rf.580eb7980b8a66d38a6a02c137a9e7a5.jpg,46,96,298,363
./train/images\9a950122-bb37-451c-8acf-a97f32c2ba69_jpeg.rf.187e177f3c4d165a5190f3699eba6c5c.jpg,225,360,430,487
./train/images\9a950122-bb37-451c-8acf-a97f32c2ba69_jpeg.rf.28ec6c32b8b9165948571c9623c6dbe3.jpg,263,396,442,479
./train/images\9a950122-bb37-451c-8acf-a97f32c2ba69_jpeg.rf.88c2434bd8ccdaf33c16c4cfa949963c.jpg,256,388,446,476
./train/images\9d1d8628-46ed-4f5a-9804-476dcc88e4b1_jpeg.rf.30c200307e50b6fa370e87aa42718d94.jpg,126,188,298,349
./train/images\9d1d8628-46ed-4f5a-9804-476dcc88e4b1_jpeg.rf.70ecf38e30f4dbd9e965922175dc443a.jpg,130,193,336,378
./train/images\9d1d8628-46ed-4f5a-9804-476dcc88e4b1_jpeg.rf.cc1c593dc239e51791df4ba79b95ba3d.jpg,129,191,330,374
./train/images\9d684048-84bf-467e-98bf-f9d95a5bc862_jpeg.rf.501ab9369b0f1e52411431e80659fd87.jpg,464,544,280,314
./train/images\9d684048-84bf-467e-98bf-f9d95a5bc862_jpeg.rf.76d92cc8a2d3da094450a176d630dd17.jpg,466,545,310,335
./train/images\9d684048-84bf-467e-98bf-f9d95a5bc862_jpeg.rf.94e83205cb1713b9b0746a818333dc92.jpg,466,545,310,335
./train/images\9db5b3c9-7f39-4731-84df-8b38d24a5170_jpeg.rf.1ae6e44173860e562dc4950293e846ff.jpg,102,165,386,414
./train/images\9db5b3c9-7f39-4731-84df-8b38d24a5170_jpeg.rf.2c627b45d20c9d67e3aa4689a4026050.jpg,96,155,359,394
./train/images\9db5b3c9-7f39-4731-84df-8b38d24a5170_jpeg.rf.79d9b2c875c0dca465b5c0c627f2da6e.jpg,87,148,308,355
./train/images\9e1833b8-bbf7-4fb8-aa41-3a73f09607a8_jpeg.rf.5837133d92fad9eea94aac04f6498c95.jpg,247,379,390,422
./train/images\9e1833b8-bbf7-4fb8-aa41-3a73f09607a8_jpeg.rf.708a4df5ed6231d84ce48633b6c2928b.jpg,246,378,389,423
./train/images\9e1833b8-bbf7-4fb8-aa41-3a73f09607a8_jpeg.rf.942e2e3a02d9f831ef6db3bd22d8e8bf.jpg,229,365,375,432
./train/images\9ef32258-f006-4cf8-a8a3-2a5c286e585d_jpeg.rf.25ffca2b9d241ba935d07bdbf327ec33.jpg,259,386,368,406
./train/images\9ef32258-f006-4cf8-a8a3-2a5c286e585d_jpeg.rf.94d55e1517ce65b89d2a1cc012996947.jpg,261,388,366,408
./train/images\9ef32258-f006-4cf8-a8a3-2a5c286e585d_jpeg.rf.bf2ff867500506aaf5a49043b15f7615.jpg,254,380,371,403
./train/images\9f4688c2-c1ba-4b2e-a857-76a95455f6df_jpeg.rf.6d783ad0e9f06c1a134d4963bd4105f0.jpg,504,592,299,368
./train/images\9f4688c2-c1ba-4b2e-a857-76a95455f6df_jpeg.rf.908c7f32c5452eb4ee28d807648eb2cb.jpg,499,588,340,398
./train/images\9f4688c2-c1ba-4b2e-a857-76a95455f6df_jpeg.rf.ab3440fc71ab76842d385f9c42831df0.jpg,504,592,290,361
./train/images\a09be1f8-6d89-479c-8a16-d1500d0d8b31_jpeg.rf.119e95297cb6d2ab40d041e90f4a1f9d.jpg,259,393,417,458
./train/images\a09be1f8-6d89-479c-8a16-d1500d0d8b31_jpeg.rf.cc36269e523611819440cdfa33349604.jpg,248,380,422,452
./train/images\a09be1f8-6d89-479c-8a16-d1500d0d8b31_jpeg.rf.fd916b6a69faece1b3b32832a70c1960.jpg,227,361,408,461
./train/images\a10dad03-caef-409e-84e9-422cb2eec212_jpeg.rf.50fa45168b6159dba7fcc20febc1bf92.jpg,224,254,466,493
./train/images\a10dad03-caef-409e-84e9-422cb2eec212_jpeg.rf.6e3a8b12fae58032c823607111ca9cd0.jpg,205,235,453,484
./train/images\a10dad03-caef-409e-84e9-422cb2eec212_jpeg.rf.ca543378416106d874f2a27a1ed7ec11.jpg,227,257,468,494
./train/images\a68eb608-eaf0-4f41-b920-0c083fc71f65_jpeg.rf.9945d71f77ad80bfe38893f6660b6a9b.jpg,38,74,324,370
./train/images\a68eb608-eaf0-4f41-b920-0c083fc71f65_jpeg.rf.a18ef7d3df982ca78323ddbf381dd3f2.jpg,42,78,352,396
./train/images\a68eb608-eaf0-4f41-b920-0c083fc71f65_jpeg.rf.a549e411ef32365f4c43145041a9d227.jpg,47,84,376,418
./train/images\a8d82379-4321-46af-afa7-46853f4f1776_jpeg.rf.44f49febf066275355e471a99fbbff11.jpg,249,380,411,443
./train/images\a8d82379-4321-46af-afa7-46853f4f1776_jpeg.rf.a0230b7d516ea5bea38248cc9aa16eeb.jpg,273,407,395,456
./train/images\a8d82379-4321-46af-afa7-46853f4f1776_jpeg.rf.ffc6ec339467587e3d03b8c3bdd2b17e.jpg,236,370,403,449
./train/images\a9541a62-556a-43ba-adaa-6a42b5c03cfe_jpeg.rf.66f02a60903ca7ec065e1e690996d374.jpg,226,351,362,411
./train/images\a9541a62-556a-43ba-adaa-6a42b5c03cfe_jpeg.rf.ac785e85d912dd06393f246b1e1fcff4.jpg,238,361,376,406
./train/images\a9541a62-556a-43ba-adaa-6a42b5c03cfe_jpeg.rf.e3e61db368b335ea3f108364ec9aae1c.jpg,254,381,365,422
./train/images\a9773eb4-e250-4be3-a4ff-c6d1368e2c50_jpeg.rf.038cee42a019f7908f1973bd1aeed49a.jpg,319,410,441,465
./train/images\a9773eb4-e250-4be3-a4ff-c6d1368e2c50_jpeg.rf.52eece4202f0ab9a028a3a642d5c2437.jpg,343,430,427,459
./train/images\a9773eb4-e250-4be3-a4ff-c6d1368e2c50_jpeg.rf.fb50cd99a7226d8603a58629b764d3a8.jpg,343,430,427,459
./train/images\aa1bf436-03fd-413c-9df0-ae6d5902f99c_jpeg.rf.295a0573df56339329de786f9b76aef4.jpg,75,136,298,352
./train/images\aa1bf436-03fd-413c-9df0-ae6d5902f99c_jpeg.rf.32e8ec9eb4cb3a5075f1c2b82e1ba08c.jpg,81,143,352,395
./train/images\aa1bf436-03fd-413c-9df0-ae6d5902f99c_jpeg.rf.764718ee87a1eadd8a3fdeee6ec7689f.jpg,88,149,376,414
./train/images\abc879f8-39a5-4f1c-b40c-422fa17181ad_jpeg.rf.0b2fc84dfcaaca77a8ff1628e1541e06.jpg,14,90,298,364
./train/images\abc879f8-39a5-4f1c-b40c-422fa17181ad_jpeg.rf.33675b00638a27aa40b88d9cdb3f3ccc.jpg,14,93,325,384
./train/images\abc879f8-39a5-4f1c-b40c-422fa17181ad_jpeg.rf.5dd1016d8a64ba3d3005a4b8e4ef93c9.jpg,16,101,357,407
./train/images\adaf32f0-d1d8-4564-932f-8e5ab28d9478_jpeg.rf.a1a936465bdc4db52714256309f70a3a.jpg,71,115,385,446
./train/images\adaf32f0-d1d8-4564-932f-8e5ab28d9478_jpeg.rf.d266e04e078289da9bd9caa575e7e7df.jpg,82,135,419,474
./train/images\adaf32f0-d1d8-4564-932f-8e5ab28d9478_jpeg.rf.e00ce4cb7fb4d2c74ce9efcb32e37a3c.jpg,61,96,332,401
./train/images\af643700-298b-4636-8948-55a262a7882b_jpeg.rf.303e9ef497ffc6f632e42988e4a6073c.jpg,508,581,302,345
./train/images\af643700-298b-4636-8948-55a262a7882b_jpeg.rf.33d98afca23f56e6f20029612c7bc55c.jpg,501,575,241,297
./train/images\af643700-298b-4636-8948-55a262a7882b_jpeg.rf.940a24590c58fd7973d71ea63b75c42b.jpg,500,574,361,392
./train/images\b37371ba-d3b2-472e-bf4b-6853c4f1d238_jpeg.rf.045df2de73ff954d13759e4d29a41074.jpg,545,596,245,284
./train/images\b37371ba-d3b2-472e-bf4b-6853c4f1d238_jpeg.rf.2204f713e4e84bbc9f5b6878e1f4f545.jpg,550,599,268,305
./train/images\b37371ba-d3b2-472e-bf4b-6853c4f1d238_jpeg.rf.bd31eb09b332ff8ca2e2ec18e1211661.jpg,554,600,306,339
./train/images\b4e1297e-600e-458d-8fa4-78aadd81f525_jpeg.rf.11b8e0609005d7f3a879c551016e2244.jpg,85,154,419,451
./train/images\b4e1297e-600e-458d-8fa4-78aadd81f525_jpeg.rf.d0e8219773babce47701a0650988bcbf.jpg,61,121,329,383
./train/images\b4e1297e-600e-458d-8fa4-78aadd81f525_jpeg.rf.dc7316e08de48da85fc7eaa4f45157e0.jpg,72,135,381,424
./train/images\b77d614f-c853-43f5-a92a-7af0b16d94d3_jpeg.rf.0a58e14a7615b7f7791e4798a9e58b47.jpg,235,375,391,444
./train/images\b77d614f-c853-43f5-a92a-7af0b16d94d3_jpeg.rf.40bd8b6e25c05793898f966a45c62c5b.jpg,229,371,387,447
./train/images\b77d614f-c853-43f5-a92a-7af0b16d94d3_jpeg.rf.8a3746a1a0d4f36d6d8234353bce27a2.jpg,250,388,402,436
./train/images\ba93eef3-7f4c-4ad2-8bdb-a315e706c433_jpeg.rf.41d8ed3afbc587bc08a673402ae0e93b.jpg,44,112,328,373
./train/images\ba93eef3-7f4c-4ad2-8bdb-a315e706c433_jpeg.rf.4c21ede9f72d114df130891446c7ca51.jpg,64,134,409,437
./train/images\ba93eef3-7f4c-4ad2-8bdb-a315e706c433_jpeg.rf.a8ef49bc2278e6c54463742aa4cacd05.jpg,54,120,376,409
./train/images\bbcf56c0-23cb-40bc-a41a-36ef0279b7c8_jpeg.rf.336e89663b4dc836b0390078bc5a19eb.jpg,515,584,356,405
./train/images\bbcf56c0-23cb-40bc-a41a-36ef0279b7c8_jpeg.rf.bc576d13a705da0c95bb1e77b59be514.jpg,520,590,324,380
./train/images\bbcf56c0-23cb-40bc-a41a-36ef0279b7c8_jpeg.rf.e53ee8654b053ae7400911cf2bbf148a.jpg,502,568,404,442
./train/images\be25e904-ed83-40f3-a3d2-947029cf468c_jpeg.rf.37f8ee1aad9cd6006c2d64f94623badc.jpg,85,156,294,328
./train/images\be25e904-ed83-40f3-a3d2-947029cf468c_jpeg.rf.5a0c3123c13ae34349e05fd2fab4e4b5.jpg,88,155,329,358
./train/images\be25e904-ed83-40f3-a3d2-947029cf468c_jpeg.rf.6e16407ff3385b13cfd395b0855f659f.jpg,85,155,306,337
./train/images\c0399ffb-49cf-48e8-b0d3-651065d17f62_jpeg.rf.5ff9174f9bc9bead33da6cee238a3874.jpg,118,195,336,380
./train/images\c0399ffb-49cf-48e8-b0d3-651065d17f62_jpeg.rf.f0e77555e963451cd4255d4043abfd63.jpg,134,207,381,411
./train/images\c0399ffb-49cf-48e8-b0d3-651065d17f62_jpeg.rf.f5babcfc4c7e44a2bc1bb9f4695f995d.jpg,114,192,306,358
./train/images\c06b7643-901f-43f6-9b5d-c3e06399edc3_jpeg.rf.2b9a59bd2889257576abbd9b21fb4a2a.jpg,244,390,305,364
./train/images\c06b7643-901f-43f6-9b5d-c3e06399edc3_jpeg.rf.af204fd5723df23a9f7f780f47fd3905.jpg,245,390,308,361
./train/images\c06b7643-901f-43f6-9b5d-c3e06399edc3_jpeg.rf.d1e7cec5867d75c37f92549425cde60e.jpg,250,392,317,353
./train/images\c557bb6d-36e6-4bfc-b648-75955fbfe45e_jpeg.rf.8352eb818f0f39d5ebf99015c7fea5d1.jpg,230,423,471,516
./train/images\c557bb6d-36e6-4bfc-b648-75955fbfe45e_jpeg.rf.9f32dcfbb024aa05599e9e9d53e1547a.jpg,191,389,449,533
./train/images\c557bb6d-36e6-4bfc-b648-75955fbfe45e_jpeg.rf.bca17ae1a8be55e904eb1a226e774276.jpg,188,386,447,534
./train/images\c5a6e3b0-cedd-4bfc-8583-14642b614681_jpeg.rf.3410636dc5205c8f582fbe7c21b64950.jpg,248,386,397,429
./train/images\c5a6e3b0-cedd-4bfc-8583-14642b614681_jpeg.rf.94c023d98a5e499c6fafb12a6866d3f7.jpg,253,392,392,434
./train/images\c5a6e3b0-cedd-4bfc-8583-14642b614681_jpeg.rf.d7a21574ffb556565938bfd9017604d5.jpg,246,384,398,429
./train/images\c784e1c3-8d48-4416-ba1c-e7496d8a987c_jpeg.rf.388fb832b95f77c52a6ff41bf53050a0.jpg,105,190,391,433
./train/images\c784e1c3-8d48-4416-ba1c-e7496d8a987c_jpeg.rf.9eb2a554a6bc2b993dbca94e9731b314.jpg,108,194,399,438
./train/images\c784e1c3-8d48-4416-ba1c-e7496d8a987c_jpeg.rf.ad77ae7b0051b97c2c737efce1be2b47.jpg,100,180,372,421
./train/images\c7f862f0-6f58-4d3d-b355-3b62fc457ff4_jpeg.rf.637adc1dd989ca8f5a526861da2cf2ae.jpg,456,536,286,315
./train/images\c7f862f0-6f58-4d3d-b355-3b62fc457ff4_jpeg.rf.63ba7f8a351d1e73dec27d0bf5fed563.jpg,458,536,301,325
./train/images\c7f862f0-6f58-4d3d-b355-3b62fc457ff4_jpeg.rf.d65a4a5ee342209f3ddfb2b8134a675b.jpg,459,534,317,349
./train/images\c84d446d-c555-4d61-bd0b-45c5caa0761e_jpeg.rf.443fc945acd76003a60deaf3a4546d52.jpg,237,406,332,373
./train/images\c84d446d-c555-4d61-bd0b-45c5caa0761e_jpeg.rf.89a81772c130eca13572503f86b306ef.jpg,241,414,314,388
./train/images\c84d446d-c555-4d61-bd0b-45c5caa0761e_jpeg.rf.e435fb2dfb4aee1048c5dcb60bc5c41b.jpg,242,415,312,390
./train/images\c8d7b027-c8c3-4c3f-8656-0cb98b4c9236_jpeg.rf.163636eed2f370f37e110a085f2f623f.jpg,288,449,248,341
./train/images\c8d7b027-c8c3-4c3f-8656-0cb98b4c9236_jpeg.rf.8df993af7085cf4179e5f9ec411d49f6.jpg,287,449,246,341
./train/images\c8d7b027-c8c3-4c3f-8656-0cb98b4c9236_jpeg.rf.db06a2e7d1f19206f7058f9f634dfe8f.jpg,278,446,230,343
./train/images\c9ac0a07-a849-465f-96ad-237cfff0bf66_jpeg.rf.029b26ce1ae7604012f24535cff6c5b0.jpg,423,480,273,310
./train/images\c9ac0a07-a849-465f-96ad-237cfff0bf66_jpeg.rf.9432c1198e8c375052cae4c9a83cd737.jpg,414,471,241,288
./train/images\c9ac0a07-a849-465f-96ad-237cfff0bf66_jpeg.rf.fe092ef1c07f15872347c29c642498fb.jpg,412,469,236,284
./train/images\cae0723a-0ef9-4e96-94d6-7a306c44b51f_jpeg.rf.6856400471e2fd99da9d3e6c6c4d6d32.jpg,545,580,361,390
./train/images\cae0723a-0ef9-4e96-94d6-7a306c44b51f_jpeg.rf.72b3caa7999a87c400e81e576046feb9.jpg,549,586,320,353
./train/images\cae0723a-0ef9-4e96-94d6-7a306c44b51f_jpeg.rf.a0ea237402cb3f4ba1a2b27b75de21a1.jpg,549,587,292,328
./train/images\cbeccd15-2472-4d23-8f1f-c6f7b8f255d0_jpeg.rf.492db92d972d7458ca007e36076229da.jpg,8,110,389,466
./train/images\cbeccd15-2472-4d23-8f1f-c6f7b8f255d0_jpeg.rf.65b2866800e9afca7419a4db9499f4c4.jpg,0,90,340,432
./train/images\cbeccd15-2472-4d23-8f1f-c6f7b8f255d0_jpeg.rf.7210d4687b5856a3a21cf2089643f4d5.jpg,1,94,351,439
./train/images\cc1d975d-9e69-4f35-9eaa-2f1447f4c127_jpeg.rf.b017d2a5a95ee6e4fb2cfbf5f3c72690.jpg,239,390,374,410
./train/images\cc1d975d-9e69-4f35-9eaa-2f1447f4c127_jpeg.rf.b10f865f16517e1eb1f52c7665ce3a1f.jpg,245,398,367,417
./train/images\cc1d975d-9e69-4f35-9eaa-2f1447f4c127_jpeg.rf.cd95d7528100de64752b690c18220a6a.jpg,249,403,362,422
./train/images\ce2d2654-9751-4570-8b2f-0a9af090a3fc_jpeg.rf.a96993565e4118638e25c16166772820.jpg,254,401,287,322
./train/images\ce2d2654-9751-4570-8b2f-0a9af090a3fc_jpeg.rf.e06b9f46c46238fda9783308c58b8516.jpg,254,402,284,326
./train/images\ce2d2654-9751-4570-8b2f-0a9af090a3fc_jpeg.rf.ed8ff9a19b971af9cfaee3b9785c4501.jpg,254,401,286,322
./train/images\ce69f58e-02e8-4836-9a02-0f80ffb85665_jpeg.rf.004efb9576624c5185297fdd47eeaa13.jpg,28,86,442,501
./train/images\ce69f58e-02e8-4836-9a02-0f80ffb85665_jpeg.rf.37267c64a5ff6da249a381214161efcb.jpg,37,100,462,517
./train/images\ce69f58e-02e8-4836-9a02-0f80ffb85665_jpeg.rf.9fc62e82a2b52d1c328105be17aadb7d.jpg,26,83,437,497
./train/images\d2a9b273-769e-4e3d-a3ee-30e9459105a3_jpeg.rf.751b21a1aa009703a5fd4253e404f706.jpg,457,521,325,356
./train/images\d2a9b273-769e-4e3d-a3ee-30e9459105a3_jpeg.rf.9f3eaf4ad8aff7ed15361173261f00ec.jpg,457,522,318,351
./train/images\d2a9b273-769e-4e3d-a3ee-30e9459105a3_jpeg.rf.a226d54189b5f23117d7c53abab9b9cd.jpg,457,522,318,351
./train/images\d3ad32a5-ee87-4741-a51b-298bb1dcaf68_jpeg.rf.1aab61dfb3a851dd41123e4dde4ca2c6.jpg,261,378,298,340
./train/images\d3ad32a5-ee87-4741-a51b-298bb1dcaf68_jpeg.rf.5d7fc9726b7383da9d72738006be2722.jpg,261,377,302,336
./train/images\d3ad32a5-ee87-4741-a51b-298bb1dcaf68_jpeg.rf.aeecb402f0d1fa9e857509f8058e3649.jpg,262,377,306,333
./train/images\d4064ffa-220c-44eb-b2a4-6143a1ac61ae_jpeg.rf.058dabae1797be9c499515e02e0a9bc6.jpg,272,470,476,536
./train/images\d4064ffa-220c-44eb-b2a4-6143a1ac61ae_jpeg.rf.0f1096bb16910df56eea44139a7a4e35.jpg,254,449,491,530
./train/images\d4064ffa-220c-44eb-b2a4-6143a1ac61ae_jpeg.rf.1728aa731a619046824cc21ba78548bc.jpg,282,480,468,538
./train/images\d5ab6c26-1dbc-4e12-926e-279bd5e00c2e_jpeg.rf.0da1815dcd3798008dbfee5c5ee2b1ed.jpg,85,125,353,384
./train/images\d5ab6c26-1dbc-4e12-926e-279bd5e00c2e_jpeg.rf.b400bd7196b320aa481aa449d72c2263.jpg,83,119,279,320
./train/images\d5ab6c26-1dbc-4e12-926e-279bd5e00c2e_jpeg.rf.ba66c4a26b12e4eebbeee774ac197600.jpg,83,120,328,363
./train/images\d8dca84c-4f16-4747-a918-9d5af0176d2c_jpeg.rf.0e7b341fcc16021bb34cb5906c7d709c.jpg,95,186,402,433
./train/images\d8dca84c-4f16-4747-a918-9d5af0176d2c_jpeg.rf.12d164ecd2833989a89c3604854466b5.jpg,75,166,342,388
./train/images\d8dca84c-4f16-4747-a918-9d5af0176d2c_jpeg.rf.390f7cb96447a5c19c988e1b80a96657.jpg,87,176,383,414
./train/images\dadd274b-bee7-48e6-b928-6b1ccb65a463_jpeg.rf.ce9f61f7d502caa2dd6ddab484659bcc.jpg,466,516,348,403
./train/images\dadd274b-bee7-48e6-b928-6b1ccb65a463_jpeg.rf.e2515e9a33edbad0469a43f82e49409a.jpg,471,517,334,393
./train/images\dadd274b-bee7-48e6-b928-6b1ccb65a463_jpeg.rf.ff3f299d33ae3da839fcf4ee108eeb9b.jpg,467,516,344,401
./train/images\dc7e22ec-a840-46b4-9619-e350e874fb43_jpeg.rf.64d783cecfa3941d34ae8b9370f34169.jpg,256,390,374,409
./train/images\dc7e22ec-a840-46b4-9619-e350e874fb43_jpeg.rf.9ebad7ca604d6e6d3d350ecaa372368a.jpg,261,397,371,412
./train/images\dc7e22ec-a840-46b4-9619-e350e874fb43_jpeg.rf.ad533e5c2f51dceee261d6ea1715fe00.jpg,257,391,375,408
./train/images\de2433fe-d38e-4ed0-9aff-b002ac651a38_jpeg.rf.45d09237af7cf33e2273decf242062a9.jpg,418,481,307,346
./train/images\de2433fe-d38e-4ed0-9aff-b002ac651a38_jpeg.rf.49b64aac28f62ab6f5b2270c2fbcb724.jpg,418,481,296,338
./train/images\de2433fe-d38e-4ed0-9aff-b002ac651a38_jpeg.rf.7a8df6f9be42569c6b6d50a9699e1e55.jpg,418,480,318,353
./train/images\df970c6a-c12b-4b8b-bd5b-2e94dad21c37_jpeg.rf.443e40fe10caaceaca5731b572184b95.jpg,203,418,443,482
./train/images\df970c6a-c12b-4b8b-bd5b-2e94dad21c37_jpeg.rf.6c8076cfa65aa17e94a02468d8766061.jpg,217,431,435,489
./train/images\df970c6a-c12b-4b8b-bd5b-2e94dad21c37_jpeg.rf.9c2e423aba76f12e5d172669a51168d9.jpg,212,427,439,486
./train/images\e04cbd11-47f6-4660-ac30-28ee2be2babf_jpeg.rf.032fad9bda13a34a2ffb32f7b49cc532.jpg,105,189,289,336
./train/images\e04cbd11-47f6-4660-ac30-28ee2be2babf_jpeg.rf.4077f2792f0fdc793d9f6f5e994de600.jpg,105,190,286,334
./train/images\e04cbd11-47f6-4660-ac30-28ee2be2babf_jpeg.rf.4a5ca20d4824962a7e86570d3d51ba60.jpg,109,191,339,369
./train/images\e0b97a75-7230-4f2b-be85-ab5137ca4e09_jpeg.rf.2a826adc5851afc430d737079bb37c68.jpg,424,482,333,357
./train/images\e0b97a75-7230-4f2b-be85-ab5137ca4e09_jpeg.rf.a505040f0227760eafc762dd8bee5c3c.jpg,425,485,318,348
./train/images\e0b97a75-7230-4f2b-be85-ab5137ca4e09_jpeg.rf.f3a1bca62c907892b377dab429857214.jpg,420,478,346,374
./train/images\e1681bc5-a8f8-468b-a4f9-7c58f8b53b82_jpeg.rf.7bb83aba7b2155538cc8ac59abc21d6e.jpg,495,575,377,427
./train/images\e1681bc5-a8f8-468b-a4f9-7c58f8b53b82_jpeg.rf.954cc008a5ec6996be44ca3828db6794.jpg,506,580,350,408
./train/images\e1681bc5-a8f8-468b-a4f9-7c58f8b53b82_jpeg.rf.d37e68096a49c065a85f38a6dc60f1a2.jpg,501,578,364,418
./train/images\e1816bc2-9e94-4b67-95b1-6cea38fa91fd_jpeg.rf.171525ee20373d31d7efc15d9f15a932.jpg,66,136,311,396
./train/images\e1816bc2-9e94-4b67-95b1-6cea38fa91fd_jpeg.rf.3a067b64242bdfc27a3f5e01f359f612.jpg,76,154,371,440
./train/images\e1816bc2-9e94-4b67-95b1-6cea38fa91fd_jpeg.rf.500923c62757fe39b86f9f4818f5aac7.jpg,67,140,328,409
./train/images\e2211ddf-9636-47b7-ac35-6bb74937e9fa_jpeg.rf.0157dec881208612230841d1a65aa88a.jpg,267,415,453,504
./train/images\e2211ddf-9636-47b7-ac35-6bb74937e9fa_jpeg.rf.249ddeb5deaf3845e95f729b95c58c62.jpg,251,397,462,498
./train/images\e2211ddf-9636-47b7-ac35-6bb74937e9fa_jpeg.rf.67e5dc094bf5ad3c7fa43e4c9857e8aa.jpg,254,400,461,499
./train/images\e480c86b-14b5-44e2-951e-897e51972a87_jpeg.rf.09ff14e6f27d37f4fad735a4fdefed7e.jpg,258,381,352,391
./train/images\e480c86b-14b5-44e2-951e-897e51972a87_jpeg.rf.1d80878dd798b25029614e043be09677.jpg,239,364,338,399
./train/images\e480c86b-14b5-44e2-951e-897e51972a87_jpeg.rf.848a75959494440551b1188cb173aad2.jpg,254,376,356,387
./train/images\e6444cb2-07dd-46df-843a-c68d889eebb1_jpeg.rf.23d77ccc9e0f8ddcaa84f8288f32a1d2.jpg,225,415,422,478
./train/images\e6444cb2-07dd-46df-843a-c68d889eebb1_jpeg.rf.3cbf1cab131265f45f382ac4b376e33c.jpg,225,415,422,478
./train/images\e6444cb2-07dd-46df-843a-c68d889eebb1_jpeg.rf.720a8cc22ca78eb2139ca0ab89196f90.jpg,238,425,428,471
./train/images\e7f97e44-149d-4362-bf3e-fe908f0a1430_jpeg.rf.a14375bc6fa03dfb2ff5c2d2cba382d5.jpg,384,511,361,441
./train/images\e7f97e44-149d-4362-bf3e-fe908f0a1430_jpeg.rf.b306831485ae02bea4edfcafbf99174d.jpg,366,498,390,450
./train/images\e7f97e44-149d-4362-bf3e-fe908f0a1430_jpeg.rf.ea2bb24c613722c0e988adec9525c390.jpg,384,511,361,441
./train/images\eaab9e80-f678-470a-b62d-ff8285a92fa3_jpeg.rf.35b308871515f9e69730c7273a814241.jpg,243,380,391,433
./train/images\eaab9e80-f678-470a-b62d-ff8285a92fa3_jpeg.rf.4be2104ab0968d5e3a31d5ee66d673dc.jpg,248,384,395,430
./train/images\eaab9e80-f678-470a-b62d-ff8285a92fa3_jpeg.rf.8374a6b57ede6c558d16bdb76da4eb89.jpg,241,378,390,434
./train/images\eba6d896-5fd8-4bff-bd91-0c3bf1b783e4_jpeg.rf.01c80adea5a8ed456bf027766c142eec.jpg,85,124,399,429
./train/images\eba6d896-5fd8-4bff-bd91-0c3bf1b783e4_jpeg.rf.036b8dd0bf0c3f25f07450a564caf5f9.jpg,83,123,395,426
./train/images\eba6d896-5fd8-4bff-bd91-0c3bf1b783e4_jpeg.rf.c148c8881117315f596d74be8074e4aa.jpg,86,126,403,433
./train/images\f0a66875-46c5-4182-888d-0ca31a9287ca_jpeg.rf.0b483b697ab7a9c787de1e3138eede9a.jpg,244,398,379,421
./train/images\f0a66875-46c5-4182-888d-0ca31a9287ca_jpeg.rf.552dfd5f515fb2ffb60e842dcf5c843d.jpg,244,398,379,421
./train/images\f0a66875-46c5-4182-888d-0ca31a9287ca_jpeg.rf.eacbbd011490a13cb3d770661cf52bb8.jpg,233,390,370,430
./train/images\f2e3facc-2958-4379-9518-515a2ab8c0aa_jpeg.rf.6a388d9104f1227794f8e2f965912213.jpg,233,381,399,435
./train/images\f2e3facc-2958-4379-9518-515a2ab8c0aa_jpeg.rf.83fbea71b20402d3477ea8ade52cfba6.jpg,211,362,380,445
./train/images\f2e3facc-2958-4379-9518-515a2ab8c0aa_jpeg.rf.efab9c1773f73db0f7bcdf148583f14a.jpg,235,383,401,434
./train/images\f38e23c5-2abf-462d-90a6-afc40b377237_jpeg.rf.919b43d733e55e4562c43d2dd6f7557e.jpg,130,204,320,366
./train/images\f38e23c5-2abf-462d-90a6-afc40b377237_jpeg.rf.b7fa75c2c53b16a5d6ba665311284e44.jpg,130,204,320,366
./train/images\f38e23c5-2abf-462d-90a6-afc40b377237_jpeg.rf.cb6354aa25b1e5497ec6c1ac2a08b196.jpg,129,203,289,343
./train/images\f4ee0c69-a623-4197-9daf-f8be5d48242f_jpeg.rf.15f24c133f9612a6ec7316d2d900d2a9.jpg,507,594,382,431
./train/images\f4ee0c69-a623-4197-9daf-f8be5d48242f_jpeg.rf.5f3ec2e953bffe127102c3515dd344c8.jpg,522,600,338,400
./train/images\f4ee0c69-a623-4197-9daf-f8be5d48242f_jpeg.rf.d113d1cc2ebac154e0c31a8ded145019.jpg,532,601,270,349
./train/images\f6b1c238-d78a-401d-8827-b52f7fa2a2e7_jpeg.rf.5cfca603bc8a591634af294d1aae866d.jpg,389,481,333,376
./train/images\f6b1c238-d78a-401d-8827-b52f7fa2a2e7_jpeg.rf.7f08178c5e7781c1724fec13084d125f.jpg,378,469,363,398
./train/images\f6b1c238-d78a-401d-8827-b52f7fa2a2e7_jpeg.rf.957fa891d70d8b0e4b02cc10996e528b.jpg,381,472,360,390
./train/images\fa741c13-0500-4f52-860b-12a6407541a9_jpeg.rf.0400d4d17149ef08bf26bf50c1fbea34.jpg,55,128,377,424
./train/images\fa741c13-0500-4f52-860b-12a6407541a9_jpeg.rf.4d0645cc832507e73812aea7ede629d0.jpg,53,125,367,417
./train/images\fa741c13-0500-4f52-860b-12a6407541a9_jpeg.rf.8bcf7ea132441bdd50e2b72a74d3c231.jpg,70,152,425,459
./train/images\fbddfbdc-1117-4511-820c-c8207a59a6e5_jpeg.rf.21f5bafa32c9ad079aa6faea86ea00af.jpg,101,180,308,345
./train/images\fbddfbdc-1117-4511-820c-c8207a59a6e5_jpeg.rf.735be52260e7994c2dd4c29583a6a953.jpg,115,195,372,408
./train/images\fbddfbdc-1117-4511-820c-c8207a59a6e5_jpeg.rf.88253a4a71619419b6830af222794307.jpg,105,182,342,367
./train/images\fca505bc-ece1-4ab6-b12c-50dc12ecfd38_jpeg.rf.01f0285d14856881aa0f77f633251717.jpg,516,557,369,415
./train/images\fca505bc-ece1-4ab6-b12c-50dc12ecfd38_jpeg.rf.55610d2c4854baee721d4bcd95c01be4.jpg,507,550,389,432
./train/images\fca505bc-ece1-4ab6-b12c-50dc12ecfd38_jpeg.rf.c5cd7796d66cea26d462f5f2b57899cb.jpg,503,548,397,438
./train/images\fd80724a-963b-4c8b-b1ad-d5c5867966f2_jpeg.rf.0e6cc17a2d64d9be734f042e38b3a456.jpg,440,511,343,378
./train/images\fd80724a-963b-4c8b-b1ad-d5c5867966f2_jpeg.rf.c925505fb93934ca84077a4822c26d12.jpg,435,504,366,393
./train/images\fd80724a-963b-4c8b-b1ad-d5c5867966f2_jpeg.rf.ca415c261b58da7cc5c933f227d63352.jpg,439,510,346,380
./train/images\imengine-public-mhm-infomaker-io-3_jpeg.rf.6d147fcc910839086454826d14e73b6c.jpg,369,494,277,339
./train/images\imengine-public-mhm-infomaker-io-3_jpeg.rf.d4b55329e5b0ca1a2a2af3f7ccd73c92.jpg,361,485,334,393
./train/images\imengine-public-mhm-infomaker-io-3_jpeg.rf.ec4b902ba2c493ffa646df13230e0661.jpg,370,491,322,353
./train/images\img_jpg.rf.19b16ef9682bfd6f4b58977c16b07d78.jpg,373,436,402,426
./train/images\img_jpg.rf.9471a96c75367f8e78d0368d300e6d53.jpg,371,435,403,427
./train/images\img_jpg.rf.bc60a08bf90c8a0afb59b82dd3595f10.jpg,378,441,399,420
./train/images\ok-storebaeltsbroen-betaling_jpeg.rf.3d96834a19d174e436bb3cecd1d41173.jpg,206,293,395,429
./train/images\ok-storebaeltsbroen-betaling_jpeg.rf.703acef7962ad1731d094f7a3e2a4a2c.jpg,219,304,407,432
./train/images\ok-storebaeltsbroen-betaling_jpeg.rf.dd704a69817ca888bed8137f70ee15ff.jpg,213,299,402,431
./train/images\Politibil_Mercedes_450_jpg.rf.24b06f54c0147c71bdbbf2a6b71c3b45.jpg,237,376,385,429
./train/images\Politibil_Mercedes_450_jpg.rf.25185f9fb1e1108be959017e9346b399.jpg,235,374,382,431
./train/images\Politibil_Mercedes_450_jpg.rf.b8f91643fc9765772da7cf84a7b81151.jpg,245,386,386,430
